rep_id,month_date,year,month,quarter,monthly_quota,monthly_revenue,quota_attainment_pct,calls_made,meetings_held,demos_completed,deals_closed,avg_deal_size,pipeline_value,pipeline_coverage_ratio,win_rate,avg_cycle_days,months_tenure
REP001,2024-12-01,2024,12,4,62500.0,18690.54,29.9,25,10,1,2,9345.27,152508.34,2.44,0.197,75,0
REP001,2025-01-01,2025,1,1,62500.0,15152.87,24.24,11,7,2,0,15152.87,116654.3,1.87,0.174,84,1
REP001,2025-02-01,2025,2,1,62500.0,21168.54,33.87,23,1,5,1,21168.54,109403.86,1.75,0.159,84,2
REP001,2025-03-01,2025,3,1,62500.0,27505.61,44.01,23,1,2,2,13752.81,147760.47,2.36,0.123,96,3
REP001,2025-04-01,2025,4,2,62500.0,32363.81,51.78,31,8,1,1,32363.81,148968.38,2.38,0.175,83,4
REP001,2025-05-01,2025,5,2,62500.0,38028.44,60.85,22,8,3,1,38028.44,105681.94,1.69,0.127,80,5
REP001,2025-06-01,2025,6,2,62500.0,43474.0,69.56,9,2,1,2,21737.0,109635.23,1.75,0.13,93,6
REP001,2025-07-01,2025,7,3,62500.0,38783.48,62.05,16,8,4,0,38783.48,109762.93,1.76,0.161,68,7
REP001,2025-08-01,2025,8,3,62500.0,37700.14,60.32,15,6,1,3,12566.71,135751.63,2.17,0.133,86,8
REP001,2025-09-01,2025,9,3,62500.0,41020.57,65.63,21,1,3,0,41020.57,154078.24,2.47,0.146,92,9
REP001,2025-10-01,2025,10,4,62500.0,60195.52,96.31,17,3,2,1,60195.52,102046.59,1.63,0.197,71,10
REP001,2025-11-01,2025,11,4,62500.0,57990.96,92.79,4,4,2,1,57990.96,136781.24,2.19,0.106,77,11
REP001,2025-12-01,2025,12,4,62500.0,61842.31,98.95,7,5,3,2,30921.15,126043.52,2.02,0.166,101,12
REP002,2024-01-01,2024,1,1,62500.0,13736.99,21.98,26,8,5,2,6868.5,149487.44,2.39,0.209,51,0
REP002,2024-02-01,2024,2,1,62500.0,20209.81,32.34,25,15,7,2,10104.9,146753.68,2.35,0.295,56,1
REP002,2024-03-01,2024,3,1,62500.0,23586.95,37.74,34,12,5,4,5896.74,182240.7,2.92,0.294,64,2
REP002,2024-04-01,2024,4,2,62500.0,42763.73,68.42,32,14,5,3,14254.58,179585.44,2.87,0.213,64,3
REP002,2024-05-01,2024,5,2,62500.0,46549.93,74.48,33,13,6,1,46549.93,157161.82,2.51,0.238,51,4
REP002,2024-06-01,2024,6,2,62500.0,45673.73,73.08,17,15,3,4,11418.43,186350.85,2.98,0.234,59,5
REP002,2024-07-01,2024,7,3,62500.0,67148.98,107.44,16,13,4,2,33574.49,204223.78,3.27,0.255,54,6
REP002,2024-08-01,2024,8,3,62500.0,62728.82,100.37,44,17,4,2,31364.41,159376.03,2.55,0.258,61,7
REP002,2024-09-01,2024,9,3,62500.0,59695.73,95.51,38,15,5,1,59695.73,177145.47,2.83,0.25,46,8
REP002,2024-10-01,2024,10,4,62500.0,71055.34,113.69,25,11,4,3,23685.11,203550.06,3.26,0.268,46,9
REP002,2024-11-01,2024,11,4,62500.0,65311.58,104.5,3,12,4,1,65311.58,202887.16,3.25,0.278,62,10
REP002,2024-12-01,2024,12,4,62500.0,65877.46,105.4,32,17,5,2,32938.73,197929.29,3.17,0.284,45,11
REP002,2025-01-01,2025,1,1,62500.0,50424.28,80.68,26,7,5,3,16808.09,198772.5,3.18,0.224,62,12
REP002,2025-02-01,2025,2,1,62500.0,57211.56,91.54,16,15,4,4,14302.89,167374.22,2.68,0.271,52,13
REP002,2025-03-01,2025,3,1,62500.0,50926.31,81.48,20,10,3,4,12731.58,191699.68,3.07,0.282,64,14
REP002,2025-04-01,2025,4,2,62500.0,64753.31,103.61,21,14,4,0,64753.31,148930.71,2.38,0.253,73,15
REP002,2025-05-01,2025,5,2,62500.0,68404.7,109.45,27,6,5,2,34202.35,187213.2,3.0,0.208,62,16
REP002,2025-06-01,2025,6,2,62500.0,55722.12,89.16,24,9,6,1,55722.12,200953.4,3.22,0.296,58,17
REP002,2025-07-01,2025,7,3,62500.0,57532.72,92.05,25,9,4,1,57532.72,158087.17,2.53,0.227,75,18
REP002,2025-08-01,2025,8,3,62500.0,61693.16,98.71,27,7,6,1,61693.16,160684.85,2.57,0.213,76,19
REP002,2025-09-01,2025,9,3,62500.0,70861.49,113.38,16,8,5,3,23620.5,173773.13,2.78,0.299,55,20
REP002,2025-10-01,2025,10,4,62500.0,70813.86,113.3,25,16,5,3,23604.62,147719.49,2.36,0.204,62,21
REP002,2025-11-01,2025,11,4,62500.0,73768.99,118.03,26,12,5,4,18442.25,191067.58,3.06,0.238,66,22
REP002,2025-12-01,2025,12,4,62500.0,68270.34,109.23,24,9,4,1,68270.34,198638.79,3.18,0.276,59,23
REP003,2024-05-01,2024,5,2,100000.0,11714.53,11.71,16,5,3,0,11714.53,192053.58,1.92,0.178,110,0
REP003,2024-06-01,2024,6,2,100000.0,18685.53,18.69,21,7,4,2,9342.76,205481.56,2.05,0.109,88,1
REP003,2024-07-01,2024,7,3,100000.0,20767.88,20.77,33,6,3,3,6922.63,229647.18,2.3,0.146,87,2
REP003,2024-08-01,2024,8,3,100000.0,35511.74,35.51,21,5,1,0,35511.74,207964.99,2.08,0.134,63,3
REP003,2024-09-01,2024,9,3,100000.0,33714.53,33.71,36,11,2,2,16857.27,191166.12,1.91,0.187,75,4
REP003,2024-10-01,2024,10,4,100000.0,41421.63,41.42,20,8,3,0,41421.63,184508.26,1.85,0.135,85,5
REP003,2024-11-01,2024,11,4,100000.0,49652.33,49.65,16,9,2,1,49652.33,182158.28,1.82,0.109,76,6
REP003,2024-12-01,2024,12,4,100000.0,47094.98,47.09,20,12,2,0,47094.98,150259.5,1.5,0.187,86,7
REP003,2025-01-01,2025,1,1,100000.0,50532.74,50.53,13,9,3,2,25266.37,203126.58,2.03,0.172,77,8
REP003,2025-02-01,2025,2,1,100000.0,19119.61,19.12,26,8,2,2,9559.8,189716.38,1.9,0.11,77,9
REP003,2025-03-01,2025,3,1,100000.0,36174.81,36.17,24,2,3,1,36174.81,185510.43,1.86,0.165,63,10
REP003,2025-04-01,2025,4,2,100000.0,39183.28,39.18,32,8,5,2,19591.64,206445.85,2.06,0.138,92,11
REP003,2025-05-01,2025,5,2,100000.0,44302.21,44.3,17,6,1,1,44302.21,150753.44,1.51,0.123,83,12
REP003,2025-06-01,2025,6,2,100000.0,34614.27,34.61,29,6,3,2,17307.14,241739.56,2.42,0.101,84,13
REP003,2025-07-01,2025,7,3,100000.0,51361.64,51.36,23,8,3,0,51361.64,233858.26,2.34,0.121,111,14
REP003,2025-08-01,2025,8,3,100000.0,61655.75,61.66,12,8,3,3,20551.92,220723.01,2.21,0.177,85,15
REP003,2025-09-01,2025,9,3,100000.0,60144.6,60.14,12,9,1,0,60144.6,204860.31,2.05,0.155,63,16
REP003,2025-10-01,2025,10,4,100000.0,33683.06,33.68,15,7,2,0,33683.06,210610.19,2.11,0.179,79,17
REP003,2025-11-01,2025,11,4,100000.0,68781.03,68.78,32,9,2,2,34390.51,225050.19,2.25,0.18,89,18
REP003,2025-12-01,2025,12,4,100000.0,63606.37,63.61,15,4,3,1,63606.37,181619.66,1.82,0.159,79,19
REP004,2024-01-01,2024,1,1,62500.0,21109.22,33.77,35,7,3,0,21109.22,129842.89,2.08,0.136,100,2
REP004,2024-02-01,2024,2,1,62500.0,22338.54,35.74,14,7,3,0,22338.54,120720.51,1.93,0.133,94,3
REP004,2024-03-01,2024,3,1,62500.0,23588.26,37.74,28,6,4,1,23588.26,156105.79,2.5,0.175,100,4
REP004,2024-04-01,2024,4,2,62500.0,40486.25,64.78,16,8,3,0,40486.25,124623.84,1.99,0.175,85,5
REP004,2024-05-01,2024,5,2,62500.0,41477.9,66.36,12,13,2,4,10369.48,124147.34,1.99,0.141,86,6
REP004,2024-06-01,2024,6,2,62500.0,48847.79,78.16,20,6,4,2,24423.89,131189.34,2.1,0.183,83,7
REP004,2024-07-01,2024,7,3,62500.0,40569.72,64.91,22,1,2,2,20284.86,102444.76,1.64,0.11,87,8
REP004,2024-08-01,2024,8,3,62500.0,41134.06,65.81,25,11,4,2,20567.03,117152.21,1.87,0.107,81,9
REP004,2024-09-01,2024,9,3,62500.0,39352.44,62.96,16,8,2,0,39352.44,107962.23,1.73,0.161,74,10
REP004,2024-10-01,2024,10,4,62500.0,49784.38,79.66,13,8,3,2,24892.19,100891.71,1.61,0.141,69,11
REP004,2024-11-01,2024,11,4,62500.0,61915.23,99.06,0,5,3,1,61915.23,129852.0,2.08,0.117,88,12
REP004,2024-12-01,2024,12,4,62500.0,42012.28,67.22,28,4,2,0,42012.28,107042.55,1.71,0.152,84,13
REP004,2025-01-01,2025,1,1,62500.0,38100.8,60.96,23,7,4,0,38100.8,113121.06,1.81,0.14,75,14
REP004,2025-02-01,2025,2,1,62500.0,36020.7,57.63,15,10,5,0,36020.7,117357.87,1.88,0.184,68,15
REP004,2025-03-01,2025,3,1,62500.0,40599.07,64.96,25,14,4,0,40599.07,141584.77,2.27,0.11,49,16
REP004,2025-04-01,2025,4,2,62500.0,40644.3,65.03,20,6,3,1,40644.3,126661.15,2.03,0.18,82,17
REP004,2025-05-01,2025,5,2,62500.0,44719.8,71.55,28,4,2,4,11179.95,114954.45,1.84,0.157,86,18
REP004,2025-06-01,2025,6,2,62500.0,51014.88,81.62,33,8,4,1,51014.88,153915.58,2.46,0.194,82,19
REP004,2025-07-01,2025,7,3,62500.0,42472.3,67.96,11,7,2,2,21236.15,101423.56,1.62,0.188,89,20
REP004,2025-08-01,2025,8,3,62500.0,48751.35,78.0,24,7,1,2,24375.67,145319.21,2.33,0.136,96,21
REP004,2025-09-01,2025,9,3,62500.0,43235.55,69.18,14,5,3,1,43235.55,155335.46,2.49,0.147,75,22
REP004,2025-10-01,2025,10,4,62500.0,45347.41,72.56,38,0,3,2,22673.71,118909.38,1.9,0.122,74,23
REP004,2025-11-01,2025,11,4,62500.0,44226.21,70.76,34,7,3,2,22113.11,126853.85,2.03,0.182,90,24
REP004,2025-12-01,2025,12,4,62500.0,52457.04,83.93,18,4,4,1,52457.04,100411.17,1.61,0.114,76,25
REP005,2024-11-01,2024,11,4,50000.0,13853.8,27.71,12,9,1,4,3463.45,116905.35,2.34,0.14,82,0
REP005,2024-12-01,2024,12,4,50000.0,19219.33,38.44,5,4,3,1,19219.33,78412.49,1.57,0.184,93,1
REP005,2025-01-01,2025,1,1,50000.0,16938.76,33.88,19,8,3,2,8469.38,81750.06,1.64,0.148,83,2
REP005,2025-02-01,2025,2,1,50000.0,16894.31,33.79,10,7,3,1,16894.31,122761.82,2.46,0.115,80,3
REP005,2025-03-01,2025,3,1,50000.0,20546.76,41.09,38,3,1,2,10273.38,97984.08,1.96,0.108,101,4
REP005,2025-04-01,2025,4,2,50000.0,24366.51,48.73,27,5,3,3,8122.17,79335.26,1.59,0.196,91,5
REP005,2025-05-01,2025,5,2,50000.0,38885.54,77.77,30,9,4,2,19442.77,77579.79,1.55,0.167,95,6
REP005,2025-06-01,2025,6,2,50000.0,28162.48,56.32,9,14,2,1,28162.48,111551.18,2.23,0.119,83,7
REP005,2025-07-01,2025,7,3,50000.0,41401.63,82.8,12,11,0,2,20700.82,93234.86,1.86,0.156,97,8
REP005,2025-08-01,2025,8,3,50000.0,36451.72,72.9,20,10,0,0,36451.72,103621.39,2.07,0.18,105,9
REP005,2025-09-01,2025,9,3,50000.0,40496.23,80.99,23,0,3,1,40496.23,98097.14,1.96,0.199,94,10
REP005,2025-10-01,2025,10,4,50000.0,33004.28,66.01,16,3,5,0,33004.28,88584.35,1.77,0.14,82,11
REP005,2025-11-01,2025,11,4,50000.0,42405.35,84.81,14,1,2,1,42405.35,104455.43,2.09,0.128,92,12
REP005,2025-12-01,2025,12,4,50000.0,49386.1,98.77,12,6,3,0,49386.1,124116.53,2.48,0.188,93,13
REP006,2024-07-01,2024,7,3,62500.0,26524.89,42.44,46,19,8,5,5304.98,201910.57,3.23,0.383,41,0
REP006,2024-08-01,2024,8,3,62500.0,30406.34,48.65,43,18,8,4,7601.59,226861.12,3.63,0.322,70,1
REP006,2024-09-01,2024,9,3,62500.0,42016.67,67.23,48,20,6,4,10504.17,243589.76,3.9,0.346,44,2
REP006,2024-10-01,2024,10,4,62500.0,59333.45,94.93,27,17,7,2,29666.72,190273.54,3.04,0.385,44,3
REP006,2024-11-01,2024,11,4,62500.0,73975.8,118.36,43,17,8,3,24658.6,220787.66,3.53,0.396,46,4
REP006,2024-12-01,2024,12,4,62500.0,71869.66,114.99,52,20,9,4,17967.41,221486.18,3.54,0.386,46,5
REP006,2025-01-01,2025,1,1,62500.0,69967.76,111.95,58,18,7,3,23322.59,202418.13,3.24,0.393,35,6
REP006,2025-02-01,2025,2,1,62500.0,59843.11,95.75,37,21,9,3,19947.7,187821.57,3.01,0.382,47,7
REP006,2025-03-01,2025,3,1,62500.0,58452.38,93.52,43,24,8,3,19484.13,192756.14,3.08,0.333,38,8
REP006,2025-04-01,2025,4,2,62500.0,77497.57,124.0,42,17,7,3,25832.52,188651.73,3.02,0.343,41,9
REP006,2025-05-01,2025,5,2,62500.0,71554.65,114.49,53,22,8,4,17888.66,246706.12,3.95,0.317,38,10
REP006,2025-06-01,2025,6,2,62500.0,80796.63,129.27,43,25,7,5,16159.33,227973.35,3.65,0.359,38,11
REP006,2025-07-01,2025,7,3,62500.0,85665.45,137.06,43,23,7,3,28555.15,246518.98,3.94,0.31,32,12
REP006,2025-08-01,2025,8,3,62500.0,86201.88,137.92,55,20,8,3,28733.96,235801.42,3.77,0.323,49,13
REP006,2025-09-01,2025,9,3,62500.0,86253.56,138.01,46,14,7,5,17250.71,234114.81,3.75,0.32,35,14
REP006,2025-10-01,2025,10,4,62500.0,98777.3,158.04,49,25,10,2,49388.65,197452.86,3.16,0.32,61,15
REP006,2025-11-01,2025,11,4,62500.0,82834.91,132.54,25,18,8,3,27611.64,187576.99,3.0,0.36,31,16
REP006,2025-12-01,2025,12,4,62500.0,93887.0,150.22,47,15,7,3,31295.67,228219.97,3.65,0.333,30,17
REP007,2024-10-01,2024,10,4,50000.0,10687.33,21.37,35,6,1,0,10687.33,123734.99,2.47,0.172,101,0
REP007,2024-11-01,2024,11,4,50000.0,11384.72,22.77,22,8,2,1,11384.72,80139.62,1.6,0.157,84,1
REP007,2024-12-01,2024,12,4,50000.0,8865.16,17.73,16,10,2,2,4432.58,79125.43,1.58,0.182,85,2
REP007,2025-01-01,2025,1,1,50000.0,9187.05,18.37,25,4,3,1,9187.05,81211.0,1.62,0.19,102,3
REP007,2025-02-01,2025,2,1,50000.0,14000.84,28.0,31,8,2,1,14000.84,114171.14,2.28,0.161,90,4
REP007,2025-03-01,2025,3,1,50000.0,14224.56,28.45,25,12,4,1,14224.56,99045.19,1.98,0.104,82,5
REP007,2025-04-01,2025,4,2,50000.0,24496.53,48.99,10,12,4,3,8165.51,91450.87,1.83,0.147,80,6
REP007,2025-05-01,2025,5,2,50000.0,24885.58,49.77,18,10,3,0,24885.58,99663.84,1.99,0.108,71,7
REP007,2025-06-01,2025,6,2,50000.0,18368.0,36.74,16,8,2,2,9184.0,106438.24,2.13,0.174,82,8
REP007,2025-07-01,2025,7,3,50000.0,26622.2,53.24,44,8,5,1,26622.2,76469.72,1.53,0.14,100,9
REP007,2025-08-01,2025,8,3,50000.0,27152.08,54.3,33,4,1,0,27152.08,116799.9,2.34,0.124,62,10
REP007,2025-09-01,2025,9,3,50000.0,26796.0,53.59,33,2,1,2,13398.0,100630.76,2.01,0.141,83,11
REP007,2025-10-01,2025,10,4,50000.0,14337.44,28.67,14,11,1,3,4779.15,79763.08,1.6,0.165,93,12
REP007,2025-11-01,2025,11,4,50000.0,19491.55,38.98,28,6,3,1,19491.55,104935.7,2.1,0.14,77,13
REP007,2025-12-01,2025,12,4,50000.0,33209.03,66.42,13,1,2,3,11069.68,82287.83,1.65,0.145,79,14
REP008,2024-01-01,2024,1,1,62500.0,19649.91,31.44,9,2,1,2,9824.96,127094.5,2.03,0.178,80,5
REP008,2024-02-01,2024,2,1,62500.0,28989.59,46.38,34,11,5,1,28989.59,96981.05,1.55,0.164,80,6
REP008,2024-03-01,2024,3,1,62500.0,15399.9,24.64,21,4,2,3,5133.3,123743.57,1.98,0.169,85,7
REP008,2024-04-01,2024,4,2,62500.0,18855.61,30.17,23,0,3,0,18855.61,102044.67,1.63,0.114,85,8
REP008,2024-05-01,2024,5,2,62500.0,35995.49,57.59,14,8,3,0,35995.49,103510.24,1.66,0.123,83,9
REP008,2024-06-01,2024,6,2,62500.0,18603.68,29.77,19,7,3,1,18603.68,143469.4,2.3,0.192,87,10
REP008,2024-07-01,2024,7,3,62500.0,28891.0,46.23,26,12,2,1,28891.0,131559.62,2.1,0.132,81,11
REP008,2024-08-01,2024,8,3,62500.0,20703.0,33.12,21,7,2,2,10351.5,148618.2,2.38,0.132,83,12
REP008,2024-09-01,2024,9,3,62500.0,35933.64,57.49,8,4,1,2,17966.82,133138.05,2.13,0.161,64,13
REP008,2024-10-01,2024,10,4,62500.0,31454.99,50.33,28,10,5,1,31454.99,130441.36,2.09,0.117,84,14
REP008,2024-11-01,2024,11,4,62500.0,34277.28,54.84,20,11,3,1,34277.28,146697.96,2.35,0.191,85,15
REP008,2024-12-01,2024,12,4,62500.0,22382.09,35.81,10,0,2,3,7460.7,138468.18,2.22,0.152,88,16
REP008,2025-01-01,2025,1,1,62500.0,28100.86,44.96,27,6,1,3,9366.95,106072.13,1.7,0.148,80,17
REP008,2025-02-01,2025,2,1,62500.0,23743.72,37.99,16,13,3,1,23743.72,130058.25,2.08,0.109,92,18
REP008,2025-03-01,2025,3,1,62500.0,25874.76,41.4,22,6,3,2,12937.38,101451.42,1.62,0.186,79,19
REP008,2025-04-01,2025,4,2,62500.0,19881.96,31.81,24,5,3,1,19881.96,99189.94,1.59,0.182,92,20
REP008,2025-05-01,2025,5,2,62500.0,21837.74,34.94,11,7,5,1,21837.74,143358.99,2.29,0.165,80,21
REP008,2025-06-01,2025,6,2,62500.0,35147.28,56.24,11,7,4,0,35147.28,139497.38,2.23,0.185,74,22
REP008,2025-07-01,2025,7,3,62500.0,30749.9,49.2,24,9,2,0,30749.9,103311.49,1.65,0.124,84,23
REP008,2025-08-01,2025,8,3,62500.0,27178.15,43.49,28,5,2,0,27178.15,133622.55,2.14,0.126,78,24
REP008,2025-09-01,2025,9,3,62500.0,29715.41,47.54,25,2,2,3,9905.14,121611.93,1.95,0.172,88,25
REP008,2025-10-01,2025,10,4,62500.0,25116.81,40.19,29,7,3,2,12558.41,130984.42,2.1,0.14,71,26
REP008,2025-11-01,2025,11,4,62500.0,26008.68,41.61,29,2,4,1,26008.68,135600.16,2.17,0.107,71,27
REP008,2025-12-01,2025,12,4,62500.0,32784.36,52.45,26,3,3,0,32784.36,97021.18,1.55,0.138,83,28
REP009,2024-03-01,2024,3,1,62500.0,14992.98,23.99,29,12,5,0,14992.98,149297.96,2.39,0.296,73,0
REP009,2024-04-01,2024,4,2,62500.0,22873.37,36.6,35,7,3,0,22873.37,151239.31,2.42,0.297,55,1
REP009,2024-05-01,2024,5,2,62500.0,27787.71,44.46,36,14,5,1,27787.71,149558.07,2.39,0.226,64,2
REP009,2024-06-01,2024,6,2,62500.0,39458.54,63.13,32,8,5,1,39458.54,167556.85,2.68,0.235,48,3
REP009,2024-07-01,2024,7,3,62500.0,44180.41,70.69,40,12,5,2,22090.2,198333.54,3.17,0.216,63,4
REP009,2024-08-01,2024,8,3,62500.0,55315.13,88.5,41,12,2,3,18438.38,182996.88,2.93,0.267,37,5
REP009,2024-09-01,2024,9,3,62500.0,64517.27,103.23,24,13,5,1,64517.27,163908.0,2.62,0.202,55,6
REP009,2024-10-01,2024,10,4,62500.0,81699.8,130.72,25,14,5,1,81699.8,163357.98,2.61,0.261,86,7
REP009,2024-11-01,2024,11,4,62500.0,66359.96,106.18,32,11,5,3,22119.99,151360.12,2.42,0.248,44,8
REP009,2024-12-01,2024,12,4,62500.0,65249.35,104.4,30,10,5,3,21749.78,198506.57,3.18,0.228,61,9
REP009,2025-01-01,2025,1,1,62500.0,56464.55,90.34,16,15,6,0,56464.55,155736.4,2.49,0.221,76,10
REP009,2025-02-01,2025,2,1,62500.0,53383.95,85.41,29,10,3,1,53383.95,154860.4,2.48,0.269,68,11
REP009,2025-03-01,2025,3,1,62500.0,53364.75,85.38,19,13,4,1,53364.75,154609.54,2.47,0.266,64,12
REP009,2025-04-01,2025,4,2,62500.0,65501.46,104.8,35,17,3,2,32750.73,173852.18,2.78,0.218,38,13
REP009,2025-05-01,2025,5,2,62500.0,59173.11,94.68,28,8,5,3,19724.37,186310.93,2.98,0.219,44,14
REP009,2025-06-01,2025,6,2,62500.0,66160.99,105.86,38,8,5,1,66160.99,184130.63,2.95,0.25,52,15
REP009,2025-07-01,2025,7,3,62500.0,60145.63,96.23,26,13,6,3,20048.54,182130.08,2.91,0.286,64,16
REP009,2025-08-01,2025,8,3,62500.0,57965.66,92.75,29,12,4,2,28982.83,201894.93,3.23,0.225,56,17
REP009,2025-09-01,2025,9,3,62500.0,68597.33,109.76,29,15,4,0,68597.33,157935.29,2.53,0.289,70,18
REP009,2025-10-01,2025,10,4,62500.0,65731.75,105.17,28,11,5,3,21910.58,193883.16,3.1,0.211,72,19
REP009,2025-11-01,2025,11,4,62500.0,64416.95,103.07,10,12,5,2,32208.48,204421.87,3.27,0.294,53,20
REP009,2025-12-01,2025,12,4,62500.0,71477.45,114.36,39,15,5,2,35738.73,148913.6,2.38,0.251,52,21
REP010,2024-07-01,2024,7,3,75000.0,25390.38,33.85,24,14,4,2,12695.19,244486.99,3.26,0.248,56,0
REP010,2024-08-01,2024,8,3,75000.0,28455.24,37.94,35,8,4,3,9485.08,211557.61,2.82,0.262,59,1
REP010,2024-09-01,2024,9,3,75000.0,36411.09,48.55,23,12,5,0,36411.09,201648.96,2.69,0.216,63,2
REP010,2024-10-01,2024,10,4,75000.0,57777.05,77.04,28,11,4,3,19259.02,191882.37,2.56,0.254,56,3
REP010,2024-11-01,2024,11,4,75000.0,67200.58,89.6,32,16,6,1,67200.58,192699.85,2.57,0.254,54,4
REP010,2024-12-01,2024,12,4,75000.0,78131.32,104.18,32,8,4,1,78131.32,229363.88,3.06,0.274,42,5
REP010,2025-01-01,2025,1,1,75000.0,63940.3,85.25,31,9,4,3,21313.43,184563.61,2.46,0.256,65,6
REP010,2025-02-01,2025,2,1,75000.0,68235.62,90.98,36,9,4,2,34117.81,195819.67,2.61,0.274,68,7
REP010,2025-03-01,2025,3,1,75000.0,67178.45,89.57,42,14,5,0,67178.45,211811.94,2.82,0.285,63,8
REP010,2025-04-01,2025,4,2,75000.0,63956.84,85.28,32,14,5,3,21318.95,235647.78,3.14,0.247,67,9
REP010,2025-05-01,2025,5,2,75000.0,73163.44,97.55,27,9,6,3,24387.81,188790.68,2.52,0.214,56,10
REP010,2025-06-01,2025,6,2,75000.0,71018.88,94.69,26,14,4,4,17754.72,180310.3,2.4,0.223,60,11
REP010,2025-07-01,2025,7,3,75000.0,80776.7,107.7,29,10,6,4,20194.17,174219.96,2.32,0.232,50,12
REP010,2025-08-01,2025,8,3,75000.0,80628.5,107.5,33,13,4,0,80628.5,181678.26,2.42,0.274,63,13
REP010,2025-09-01,2025,9,3,75000.0,71580.95,95.44,25,11,5,3,23860.32,227521.19,3.03,0.23,64,14
REP010,2025-10-01,2025,10,4,75000.0,87663.74,116.88,21,13,4,2,43831.87,245973.5,3.28,0.217,46,15
REP010,2025-11-01,2025,11,4,75000.0,92255.67,123.01,43,17,5,2,46127.83,231193.65,3.08,0.206,55,16
REP010,2025-12-01,2025,12,4,75000.0,84980.57,113.31,34,7,2,3,28326.86,225451.43,3.01,0.263,58,17
REP011,2024-04-01,2024,4,2,100000.0,25873.82,25.87,27,9,4,3,8624.61,231340.26,2.31,0.228,50,0
REP011,2024-05-01,2024,5,2,100000.0,42918.05,42.92,22,11,5,3,14306.02,256813.9,2.57,0.216,57,1
REP011,2024-06-01,2024,6,2,100000.0,55290.17,55.29,31,10,3,3,18430.06,261518.95,2.62,0.277,58,2
REP011,2024-07-01,2024,7,3,100000.0,68340.37,68.34,28,8,5,2,34170.19,312786.84,3.13,0.279,69,3
REP011,2024-08-01,2024,8,3,100000.0,78174.46,78.17,33,11,5,1,78174.46,249119.07,2.49,0.234,63,4
REP011,2024-09-01,2024,9,3,100000.0,97446.63,97.45,28,10,6,2,48723.32,284510.55,2.85,0.298,54,5
REP011,2024-10-01,2024,10,4,100000.0,108822.28,108.82,38,5,5,3,36274.09,291290.02,2.91,0.223,57,6
REP011,2024-11-01,2024,11,4,100000.0,106228.79,106.23,39,8,5,4,26557.2,259058.76,2.59,0.279,57,7
REP011,2024-12-01,2024,12,4,100000.0,105358.08,105.36,30,11,4,3,35119.36,263977.75,2.64,0.287,75,8
REP011,2025-01-01,2025,1,1,100000.0,88274.79,88.27,32,9,5,4,22068.7,285798.07,2.86,0.255,63,9
REP011,2025-02-01,2025,2,1,100000.0,74250.73,74.25,19,9,6,2,37125.36,267193.27,2.67,0.245,51,10
REP011,2025-03-01,2025,3,1,100000.0,81622.78,81.62,28,10,4,2,40811.39,305748.19,3.06,0.228,52,11
REP011,2025-04-01,2025,4,2,100000.0,92808.73,92.81,20,13,5,3,30936.24,274760.29,2.75,0.256,63,12
REP011,2025-05-01,2025,5,2,100000.0,94077.52,94.08,21,19,5,2,47038.76,303263.52,3.03,0.282,56,13
REP011,2025-06-01,2025,6,2,100000.0,92829.05,92.83,23,15,4,2,46414.52,242243.39,2.42,0.273,63,14
REP011,2025-07-01,2025,7,3,100000.0,91692.05,91.69,23,10,3,2,45846.03,241074.84,2.41,0.276,57,15
REP011,2025-08-01,2025,8,3,100000.0,115186.72,115.19,32,14,3,1,115186.72,311925.51,3.12,0.288,43,16
REP011,2025-09-01,2025,9,3,100000.0,92214.76,92.21,31,12,4,3,30738.25,303967.13,3.04,0.219,58,17
REP011,2025-10-01,2025,10,4,100000.0,120413.32,120.41,45,7,5,3,40137.77,314373.73,3.14,0.225,56,18
REP011,2025-11-01,2025,11,4,100000.0,102114.51,102.11,24,9,5,3,34038.17,251552.99,2.52,0.236,56,19
REP011,2025-12-01,2025,12,4,100000.0,104055.16,104.06,25,16,5,2,52027.58,253276.31,2.53,0.281,68,20
REP012,2024-01-01,2024,1,1,75000.0,9438.56,12.58,22,5,1,0,9438.56,141120.9,1.88,0.113,79,4
REP012,2024-02-01,2024,2,1,75000.0,19784.1,26.38,19,11,2,1,19784.1,114538.13,1.53,0.197,88,5
REP012,2024-03-01,2024,3,1,75000.0,37555.8,50.07,14,8,3,2,18777.9,159617.86,2.13,0.153,105,6
REP012,2024-04-01,2024,4,2,75000.0,34052.67,45.4,8,6,1,2,17026.34,174340.11,2.32,0.107,92,7
REP012,2024-05-01,2024,5,2,75000.0,32964.25,43.95,12,5,3,2,16482.12,175361.41,2.34,0.129,107,8
REP012,2024-06-01,2024,6,2,75000.0,27875.48,37.17,26,4,4,2,13937.74,131423.04,1.75,0.122,102,9
REP012,2024-07-01,2024,7,3,75000.0,32295.05,43.06,19,3,2,0,32295.05,125293.64,1.67,0.195,80,10
REP012,2024-08-01,2024,8,3,75000.0,29775.25,39.7,24,10,2,1,29775.25,130063.83,1.73,0.179,82,11
REP012,2024-09-01,2024,9,3,75000.0,46740.97,62.32,6,5,1,1,46740.97,180553.51,2.41,0.124,80,12
REP012,2024-10-01,2024,10,4,75000.0,34907.1,46.54,8,0,2,3,11635.7,146060.11,1.95,0.147,94,13
REP012,2024-11-01,2024,11,4,75000.0,48748.9,65.0,38,5,3,0,48748.9,128888.24,1.72,0.14,70,14
REP012,2024-12-01,2024,12,4,75000.0,19597.96,26.13,26,5,3,0,19597.96,152369.96,2.03,0.188,80,15
REP012,2025-01-01,2025,1,1,75000.0,29973.22,39.96,20,6,2,2,14986.61,178669.39,2.38,0.167,77,16
REP012,2025-02-01,2025,2,1,75000.0,19333.42,25.78,10,10,3,1,19333.42,112657.79,1.5,0.172,81,17
REP012,2025-03-01,2025,3,1,75000.0,29714.95,39.62,24,8,4,1,29714.95,153718.77,2.05,0.19,76,18
REP012,2025-04-01,2025,4,2,75000.0,27127.19,36.17,29,4,4,0,27127.19,160983.76,2.15,0.189,85,19
REP012,2025-05-01,2025,5,2,75000.0,19166.14,25.55,40,8,1,1,19166.14,174676.33,2.33,0.199,101,20
REP012,2025-06-01,2025,6,2,75000.0,39600.38,52.8,22,12,2,1,39600.38,142452.66,1.9,0.191,79,21
REP012,2025-07-01,2025,7,3,75000.0,30448.15,40.6,24,10,2,0,30448.15,153190.08,2.04,0.186,83,22
REP012,2025-08-01,2025,8,3,75000.0,34343.99,45.79,15,3,5,0,34343.99,169451.33,2.26,0.11,82,23
REP012,2025-09-01,2025,9,3,75000.0,28128.69,37.5,19,11,6,1,28128.69,115858.38,1.54,0.176,74,24
REP012,2025-10-01,2025,10,4,75000.0,52079.2,69.44,21,0,4,1,52079.2,157199.16,2.1,0.11,86,25
REP012,2025-11-01,2025,11,4,75000.0,48302.04,64.4,29,11,5,1,48302.04,122684.18,1.64,0.11,89,26
REP012,2025-12-01,2025,12,4,75000.0,25519.11,34.03,18,9,1,0,25519.11,123529.64,1.65,0.149,85,27
REP013,2024-12-01,2024,12,4,62500.0,21208.48,33.93,29,10,2,2,10604.24,177836.32,2.85,0.209,59,0
REP013,2025-01-01,2025,1,1,62500.0,21818.7,34.91,29,13,3,2,10909.35,159181.71,2.55,0.284,70,1
REP013,2025-02-01,2025,2,1,62500.0,28377.88,45.4,26,12,3,1,28377.88,195668.03,3.13,0.254,67,2
REP013,2025-03-01,2025,3,1,62500.0,29831.05,47.73,32,10,5,1,29831.05,189661.12,3.03,0.23,70,3
REP013,2025-04-01,2025,4,2,62500.0,44647.96,71.44,24,9,5,2,22323.98,200433.93,3.21,0.213,67,4
REP013,2025-05-01,2025,5,2,62500.0,53032.22,84.85,16,15,4,2,26516.11,190366.25,3.05,0.255,61,5
REP013,2025-06-01,2025,6,2,62500.0,60418.47,96.67,26,12,5,2,30209.23,174495.69,2.79,0.23,56,6
REP013,2025-07-01,2025,7,3,62500.0,63843.58,102.15,51,14,7,1,63843.58,201170.92,3.22,0.236,65,7
REP013,2025-08-01,2025,8,3,62500.0,63262.16,101.22,32,18,3,3,21087.39,173530.21,2.78,0.3,63,8
REP013,2025-09-01,2025,9,3,62500.0,56756.96,90.81,21,9,3,1,56756.96,145674.38,2.33,0.297,67,9
REP013,2025-10-01,2025,10,4,62500.0,78048.68,124.88,23,12,6,3,26016.23,194987.36,3.12,0.233,73,10
REP013,2025-11-01,2025,11,4,62500.0,77494.71,123.99,41,12,6,1,77494.71,148064.35,2.37,0.201,61,11
REP013,2025-12-01,2025,12,4,62500.0,76875.64,123.0,31,11,4,1,76875.64,186712.9,2.99,0.202,69,12
REP014,2024-01-01,2024,1,1,50000.0,23186.51,46.37,36,9,4,2,11593.26,75304.44,1.51,0.11,88,5
REP014,2024-02-01,2024,2,1,50000.0,24814.88,49.63,26,5,3,0,24814.88,110505.5,2.21,0.167,84,6
REP014,2024-03-01,2024,3,1,50000.0,26066.68,52.13,17,10,2,1,26066.68,88308.4,1.77,0.102,96,7
REP014,2024-04-01,2024,4,2,50000.0,35734.71,71.47,22,5,1,0,35734.71,110989.57,2.22,0.187,90,8
REP014,2024-05-01,2024,5,2,50000.0,34309.2,68.62,21,10,3,3,11436.4,98158.64,1.96,0.123,74,9
REP014,2024-06-01,2024,6,2,50000.0,35949.33,71.9,11,4,4,2,17974.67,88577.35,1.77,0.14,93,10
REP014,2024-07-01,2024,7,3,50000.0,30493.28,60.99,24,5,3,3,10164.43,119786.34,2.4,0.158,64,11
REP014,2024-08-01,2024,8,3,50000.0,43687.06,87.37,16,6,3,2,21843.53,103590.46,2.07,0.191,86,12
REP014,2024-09-01,2024,9,3,50000.0,43727.0,87.45,4,3,3,1,43727.0,80801.13,1.62,0.104,92,13
REP014,2024-10-01,2024,10,4,50000.0,48196.48,96.39,20,4,3,2,24098.24,84140.36,1.68,0.128,81,14
REP014,2024-11-01,2024,11,4,50000.0,35332.81,70.67,23,7,2,0,35332.81,106716.99,2.13,0.2,84,15
REP014,2024-12-01,2024,12,4,50000.0,39932.16,79.86,12,6,4,1,39932.16,113539.03,2.27,0.1,76,16
REP014,2025-01-01,2025,1,1,50000.0,34326.7,68.65,21,3,4,0,34326.7,93558.08,1.87,0.187,93,17
REP014,2025-02-01,2025,2,1,50000.0,33527.07,67.05,30,9,2,1,33527.07,123729.59,2.47,0.105,79,18
REP014,2025-03-01,2025,3,1,50000.0,32072.97,64.15,39,4,4,2,16036.49,114100.77,2.28,0.154,87,19
REP014,2025-04-01,2025,4,2,50000.0,31128.33,62.26,14,7,3,2,15564.17,88333.76,1.77,0.172,82,20
REP014,2025-05-01,2025,5,2,50000.0,40664.71,81.33,19,5,2,3,13554.9,88362.63,1.77,0.122,77,21
REP014,2025-06-01,2025,6,2,50000.0,33238.7,66.48,21,3,2,0,33238.7,92090.19,1.84,0.174,77,22
REP014,2025-07-01,2025,7,3,50000.0,32391.4,64.78,27,12,4,2,16195.7,102419.1,2.05,0.188,90,23
REP014,2025-08-01,2025,8,3,50000.0,41943.77,83.89,35,2,3,1,41943.77,119972.76,2.4,0.171,81,24
REP014,2025-09-01,2025,9,3,50000.0,43638.71,87.28,15,14,3,1,43638.71,104110.44,2.08,0.199,86,25
REP014,2025-10-01,2025,10,4,50000.0,44717.23,89.43,7,9,4,0,44717.23,111281.36,2.23,0.162,91,26
REP014,2025-11-01,2025,11,4,50000.0,49129.35,98.26,16,9,3,1,49129.35,83194.05,1.66,0.164,97,27
REP014,2025-12-01,2025,12,4,50000.0,42698.63,85.4,12,7,2,1,42698.63,99865.62,2.0,0.123,86,28
REP015,2024-01-01,2024,1,1,50000.0,23943.19,47.89,6,4,2,2,11971.59,122453.56,2.45,0.196,91,10
REP015,2024-02-01,2024,2,1,50000.0,33075.89,66.15,21,3,3,3,11025.3,118198.08,2.36,0.148,69,11
REP015,2024-03-01,2024,3,1,50000.0,34820.35,69.64,13,8,3,1,34820.35,94592.91,1.89,0.166,87,12
REP015,2024-04-01,2024,4,2,50000.0,34973.54,69.95,13,8,2,0,34973.54,97948.17,1.96,0.192,86,13
REP015,2024-05-01,2024,5,2,50000.0,30141.43,60.28,13,10,2,3,10047.14,122644.84,2.45,0.197,95,14
REP015,2024-06-01,2024,6,2,50000.0,39096.34,78.19,17,3,2,2,19548.17,123008.39,2.46,0.176,82,15
REP015,2024-07-01,2024,7,3,50000.0,42344.51,84.69,29,8,2,2,21172.26,102599.52,2.05,0.18,85,16
REP015,2024-08-01,2024,8,3,50000.0,41605.34,83.21,9,4,2,2,20802.67,75022.14,1.5,0.19,82,17
REP015,2024-09-01,2024,9,3,50000.0,31297.46,62.59,47,2,5,1,31297.46,79536.09,1.59,0.103,84,18
REP015,2024-10-01,2024,10,4,50000.0,37959.86,75.92,14,10,1,2,18979.93,120111.82,2.4,0.188,82,19
REP015,2024-11-01,2024,11,4,50000.0,50538.7,101.08,13,9,1,2,25269.35,96569.03,1.93,0.172,65,20
REP015,2024-12-01,2024,12,4,50000.0,38874.09,77.75,33,6,3,2,19437.05,117292.48,2.35,0.14,83,21
REP015,2025-01-01,2025,1,1,50000.0,33104.63,66.21,8,7,2,0,33104.63,104690.12,2.09,0.103,71,22
REP015,2025-02-01,2025,2,1,50000.0,27139.33,54.28,31,6,4,0,27139.33,116239.39,2.32,0.152,97,23
REP015,2025-03-01,2025,3,1,50000.0,29281.99,58.56,18,8,4,3,9760.66,104521.55,2.09,0.106,98,24
REP015,2025-04-01,2025,4,2,50000.0,30508.4,61.02,13,9,2,2,15254.2,107031.78,2.14,0.142,75,25
REP015,2025-05-01,2025,5,2,50000.0,38886.03,77.77,26,7,2,2,19443.02,88571.93,1.77,0.113,71,26
REP015,2025-06-01,2025,6,2,50000.0,38937.24,77.87,16,3,3,0,38937.24,112691.49,2.25,0.102,67,27
REP015,2025-07-01,2025,7,3,50000.0,33112.06,66.22,6,7,2,3,11037.35,93085.51,1.86,0.195,75,28
REP015,2025-08-01,2025,8,3,50000.0,37696.44,75.39,22,9,3,0,37696.44,84009.79,1.68,0.11,83,29
REP015,2025-09-01,2025,9,3,50000.0,41530.41,83.06,16,9,2,1,41530.41,108257.31,2.17,0.116,88,30
REP015,2025-10-01,2025,10,4,50000.0,45079.0,90.16,16,11,0,1,45079.0,100333.63,2.01,0.139,65,31
REP015,2025-11-01,2025,11,4,50000.0,49318.3,98.64,22,6,4,1,49318.3,79875.72,1.6,0.156,103,32
REP015,2025-12-01,2025,12,4,50000.0,42617.23,85.23,20,0,4,1,42617.23,80924.62,1.62,0.196,65,33
REP016,2024-01-01,2024,1,1,75000.0,65573.42,87.43,31,12,6,3,21857.81,196241.22,2.62,0.282,52,10
REP016,2024-02-01,2024,2,1,75000.0,59173.76,78.9,30,12,5,1,59173.76,186518.58,2.49,0.202,55,11
REP016,2024-03-01,2024,3,1,75000.0,60414.0,80.55,27,8,4,3,20138.0,238348.84,3.18,0.261,52,12
REP016,2024-04-01,2024,4,2,75000.0,65323.49,87.1,19,15,3,2,32661.75,231364.64,3.08,0.273,59,13
REP016,2024-05-01,2024,5,2,75000.0,65928.58,87.9,35,13,5,2,32964.29,241104.83,3.21,0.201,64,14
REP016,2024-06-01,2024,6,2,75000.0,65683.53,87.58,29,13,5,1,65683.53,216163.74,2.88,0.22,62,15
REP016,2024-07-01,2024,7,3,75000.0,77169.18,102.89,31,9,6,2,38584.59,219802.54,2.93,0.255,51,16
REP016,2024-08-01,2024,8,3,75000.0,78658.64,104.88,33,11,4,2,39329.32,179407.14,2.39,0.255,78,17
REP016,2024-09-01,2024,9,3,75000.0,79569.63,106.09,22,16,3,4,19892.41,222904.2,2.97,0.258,43,18
REP016,2024-10-01,2024,10,4,75000.0,76545.42,102.06,31,18,4,1,76545.42,176286.67,2.35,0.263,74,19
REP016,2024-11-01,2024,11,4,75000.0,85176.3,113.57,30,14,5,3,28392.1,227955.62,3.04,0.221,59,20
REP016,2024-12-01,2024,12,4,75000.0,93213.56,124.28,46,14,4,2,46606.78,210954.48,2.81,0.244,62,21
REP016,2025-01-01,2025,1,1,75000.0,70065.43,93.42,32,7,6,3,23355.14,187801.85,2.5,0.265,50,22
REP016,2025-02-01,2025,2,1,75000.0,57619.55,76.83,14,16,6,1,57619.55,238872.32,3.18,0.238,48,23
REP016,2025-03-01,2025,3,1,75000.0,62052.67,82.74,37,9,5,0,62052.67,191501.79,2.55,0.299,69,24
REP016,2025-04-01,2025,4,2,75000.0,71765.54,95.69,23,13,4,3,23921.85,241144.29,3.22,0.286,56,25
REP016,2025-05-01,2025,5,2,75000.0,64406.4,85.88,26,16,5,3,21468.8,235023.24,3.13,0.25,48,26
REP016,2025-06-01,2025,6,2,75000.0,78449.76,104.6,30,12,2,2,39224.88,187582.4,2.5,0.259,73,27
REP016,2025-07-01,2025,7,3,75000.0,74962.77,99.95,26,11,4,1,74962.77,225972.0,3.01,0.201,67,28
REP016,2025-08-01,2025,8,3,75000.0,69140.15,92.19,28,16,5,3,23046.72,205965.09,2.75,0.281,65,29
REP016,2025-09-01,2025,9,3,75000.0,67094.3,89.46,29,14,3,2,33547.15,228189.81,3.04,0.208,61,30
REP016,2025-10-01,2025,10,4,75000.0,81361.35,108.48,31,13,5,1,81361.35,192862.41,2.57,0.223,74,31
REP016,2025-11-01,2025,11,4,75000.0,83668.7,111.56,26,15,6,2,41834.35,238828.24,3.18,0.234,36,32
REP016,2025-12-01,2025,12,4,75000.0,76798.15,102.4,21,10,3,4,19199.54,201360.27,2.68,0.249,53,33
REP017,2024-05-01,2024,5,2,62500.0,12729.05,20.37,24,8,4,1,12729.05,112299.17,1.8,0.154,75,0
REP017,2024-06-01,2024,6,2,62500.0,19724.18,31.56,5,10,4,1,19724.18,113187.66,1.81,0.117,81,1
REP017,2024-07-01,2024,7,3,62500.0,21263.93,34.02,13,3,3,3,7087.98,155390.42,2.49,0.141,90,2
REP017,2024-08-01,2024,8,3,62500.0,31160.52,49.86,22,11,2,0,31160.52,127917.83,2.05,0.158,74,3
REP017,2024-09-01,2024,9,3,62500.0,27031.95,43.25,21,7,3,1,27031.95,121193.47,1.94,0.198,74,4
REP017,2024-10-01,2024,10,4,62500.0,49689.32,79.5,20,10,3,2,24844.66,135827.9,2.17,0.141,88,5
REP017,2024-11-01,2024,11,4,62500.0,61176.44,97.88,25,4,3,2,30588.22,137329.71,2.2,0.175,95,6
REP017,2024-12-01,2024,12,4,62500.0,45827.32,73.32,19,5,2,2,22913.66,145037.42,2.32,0.14,116,7
REP017,2025-01-01,2025,1,1,62500.0,36937.99,59.1,19,6,2,0,36937.99,96374.09,1.54,0.148,90,8
REP017,2025-02-01,2025,2,1,62500.0,42732.6,68.37,14,8,3,2,21366.3,155576.11,2.49,0.123,55,9
REP017,2025-03-01,2025,3,1,62500.0,44240.58,70.78,19,5,3,1,44240.58,131775.56,2.11,0.171,70,10
REP017,2025-04-01,2025,4,2,62500.0,35224.74,56.36,8,8,2,2,17612.37,146395.34,2.34,0.137,80,11
REP017,2025-05-01,2025,5,2,62500.0,46224.79,73.96,20,5,4,0,46224.79,126317.07,2.02,0.135,96,12
REP017,2025-06-01,2025,6,2,62500.0,34649.28,55.44,26,9,2,3,11549.76,115435.17,1.85,0.139,73,13
REP017,2025-07-01,2025,7,3,62500.0,39217.74,62.75,25,2,4,1,39217.74,147036.56,2.35,0.154,77,14
REP017,2025-08-01,2025,8,3,62500.0,44263.5,70.82,28,4,4,0,44263.5,131235.71,2.1,0.186,88,15
REP017,2025-09-01,2025,9,3,62500.0,53195.09,85.11,27,9,5,2,26597.55,102103.16,1.63,0.144,90,16
REP017,2025-10-01,2025,10,4,62500.0,50949.45,81.52,19,11,5,2,25474.73,107815.12,1.73,0.153,92,17
REP017,2025-11-01,2025,11,4,62500.0,59833.15,95.73,5,6,4,1,59833.15,97696.27,1.56,0.178,83,18
REP017,2025-12-01,2025,12,4,62500.0,63374.38,101.4,30,8,3,0,63374.38,107326.93,1.72,0.146,89,19
REP018,2024-01-01,2024,1,1,50000.0,26741.06,53.48,27,6,3,2,13370.53,117906.02,2.36,0.178,71,11
REP018,2024-02-01,2024,2,1,50000.0,29931.06,59.86,17,5,4,0,29931.06,112400.24,2.25,0.181,87,12
REP018,2024-03-01,2024,3,1,50000.0,32387.18,64.77,24,10,2,1,32387.18,103558.11,2.07,0.13,86,13
REP018,2024-04-01,2024,4,2,50000.0,40875.66,81.75,19,6,4,0,40875.66,81632.23,1.63,0.151,96,14
REP018,2024-05-01,2024,5,2,50000.0,27580.19,55.16,18,8,1,0,27580.19,78466.42,1.57,0.164,93,15
REP018,2024-06-01,2024,6,2,50000.0,29576.53,59.15,29,11,4,1,29576.53,93574.3,1.87,0.162,94,16
REP018,2024-07-01,2024,7,3,50000.0,38845.89,77.69,0,2,4,1,38845.89,98058.35,1.96,0.194,91,17
REP018,2024-08-01,2024,8,3,50000.0,41992.1,83.98,20,9,2,0,41992.1,107212.84,2.14,0.197,86,18
REP018,2024-09-01,2024,9,3,50000.0,29974.36,59.95,32,8,2,2,14987.18,85208.33,1.7,0.104,71,19
REP018,2024-10-01,2024,10,4,50000.0,50077.4,100.15,37,7,2,0,50077.4,109285.03,2.19,0.191,64,20
REP018,2024-11-01,2024,11,4,50000.0,44502.58,89.01,29,7,2,1,44502.58,112028.24,2.24,0.109,101,21
REP018,2024-12-01,2024,12,4,50000.0,34197.5,68.39,26,7,2,0,34197.5,109533.99,2.19,0.16,91,22
REP018,2025-01-01,2025,1,1,50000.0,29770.09,59.54,29,5,2,0,29770.09,109560.59,2.19,0.16,90,23
REP018,2025-02-01,2025,2,1,50000.0,33267.87,66.54,21,5,2,0,33267.87,108465.43,2.17,0.189,72,24
REP018,2025-03-01,2025,3,1,50000.0,27277.16,54.55,31,7,1,1,27277.16,98747.55,1.97,0.106,97,25
REP018,2025-04-01,2025,4,2,50000.0,42279.56,84.56,0,8,1,1,42279.56,92684.83,1.85,0.13,95,26
REP018,2025-05-01,2025,5,2,50000.0,42130.6,84.26,26,11,2,0,42130.6,114027.8,2.28,0.13,86,27
REP018,2025-06-01,2025,6,2,50000.0,34126.2,68.25,19,6,3,0,34126.2,93190.48,1.86,0.119,94,28
REP018,2025-07-01,2025,7,3,50000.0,34341.23,68.68,21,7,1,2,17170.62,77248.07,1.54,0.113,100,29
REP018,2025-08-01,2025,8,3,50000.0,43686.6,87.37,22,7,2,3,14562.2,102978.94,2.06,0.169,81,30
REP018,2025-09-01,2025,9,3,50000.0,39239.8,78.48,21,6,3,0,39239.8,95807.27,1.92,0.151,85,31
REP018,2025-10-01,2025,10,4,50000.0,46252.32,92.5,30,10,3,1,46252.32,121616.14,2.43,0.174,84,32
REP018,2025-11-01,2025,11,4,50000.0,38029.49,76.06,21,6,0,1,38029.49,120159.54,2.4,0.16,100,33
REP018,2025-12-01,2025,12,4,50000.0,39681.05,79.36,36,4,3,2,19840.53,103661.16,2.07,0.134,76,34
REP019,2024-12-01,2024,12,4,75000.0,22857.03,30.48,39,13,4,2,11428.51,159260.84,2.12,0.16,83,0
REP019,2025-01-01,2025,1,1,75000.0,16195.23,21.59,15,8,1,0,16195.23,130281.35,1.74,0.195,75,1
REP019,2025-02-01,2025,2,1,75000.0,27627.2,36.84,25,7,3,2,13813.6,112982.64,1.51,0.177,93,2
REP019,2025-03-01,2025,3,1,75000.0,31251.54,41.67,32,12,3,1,31251.54,165609.14,2.21,0.148,91,3
REP019,2025-04-01,2025,4,2,75000.0,41753.75,55.67,10,8,2,3,13917.92,170516.46,2.27,0.112,70,4
REP019,2025-05-01,2025,5,2,75000.0,51375.78,68.5,26,8,3,0,51375.78,147426.19,1.97,0.177,73,5
REP019,2025-06-01,2025,6,2,75000.0,61836.73,82.45,27,11,4,2,30918.37,128308.61,1.71,0.156,87,6
REP019,2025-07-01,2025,7,3,75000.0,65221.27,86.96,21,2,1,1,65221.27,119066.15,1.59,0.128,100,7
REP019,2025-08-01,2025,8,3,75000.0,53201.51,70.94,12,3,4,3,17733.84,161503.76,2.15,0.119,93,8
REP019,2025-09-01,2025,9,3,75000.0,57478.7,76.64,8,0,3,1,57478.7,146671.44,1.96,0.168,91,9
REP019,2025-10-01,2025,10,4,75000.0,64161.58,85.55,13,1,2,2,32080.79,123169.14,1.64,0.131,85,10
REP019,2025-11-01,2025,11,4,75000.0,76090.84,101.45,21,6,3,1,76090.84,130499.2,1.74,0.171,80,11
REP019,2025-12-01,2025,12,4,75000.0,56869.65,75.83,14,1,3,2,28434.82,132978.05,1.77,0.118,78,12
REP020,2024-01-01,2024,1,1,62500.0,44224.43,70.76,17,6,4,1,44224.43,138570.04,2.22,0.186,90,12
REP020,2024-02-01,2024,2,1,62500.0,34904.75,55.85,13,10,2,1,34904.75,121253.63,1.94,0.173,86,13
REP020,2024-03-01,2024,3,1,62500.0,42974.97,68.76,24,5,3,0,42974.97,136384.57,2.18,0.195,84,14
REP020,2024-04-01,2024,4,2,62500.0,36945.43,59.11,26,11,1,2,18472.71,115945.73,1.86,0.105,75,15
REP020,2024-05-01,2024,5,2,62500.0,50744.11,81.19,21,12,3,2,25372.06,152666.2,2.44,0.108,64,16
REP020,2024-06-01,2024,6,2,62500.0,39136.33,62.62,18,7,2,0,39136.33,99510.5,1.59,0.159,88,17
REP020,2024-07-01,2024,7,3,62500.0,51518.91,82.43,18,9,4,1,51518.91,148319.3,2.37,0.179,89,18
REP020,2024-08-01,2024,8,3,62500.0,50823.17,81.32,7,8,4,1,50823.17,95736.16,1.53,0.178,79,19
REP020,2024-09-01,2024,9,3,62500.0,38371.62,61.39,16,7,2,0,38371.62,136797.66,2.19,0.19,87,20
REP020,2024-10-01,2024,10,4,62500.0,58016.54,92.83,16,8,3,0,58016.54,103502.24,1.66,0.183,91,21
REP020,2024-11-01,2024,11,4,62500.0,53977.98,86.36,18,6,2,2,26988.99,142594.1,2.28,0.128,89,22
REP020,2024-12-01,2024,12,4,62500.0,45845.55,73.35,18,4,3,1,45845.55,113237.63,1.81,0.125,96,23
REP020,2025-01-01,2025,1,1,62500.0,34511.75,55.22,32,4,2,3,11503.92,96502.52,1.54,0.169,85,24
REP020,2025-02-01,2025,2,1,62500.0,39550.01,63.28,25,3,2,0,39550.01,149953.77,2.4,0.196,100,25
REP020,2025-03-01,2025,3,1,62500.0,37692.1,60.31,17,1,3,0,37692.1,128520.5,2.06,0.103,75,26
REP020,2025-04-01,2025,4,2,62500.0,51385.92,82.22,16,5,4,1,51385.92,99733.07,1.6,0.132,93,27
REP020,2025-05-01,2025,5,2,62500.0,35316.52,56.51,16,0,2,0,35316.52,99460.88,1.59,0.131,75,28
REP020,2025-06-01,2025,6,2,62500.0,35182.23,56.29,16,11,3,1,35182.23,134878.44,2.16,0.101,87,29
REP020,2025-07-01,2025,7,3,62500.0,45946.9,73.52,17,2,2,0,45946.9,150098.94,2.4,0.122,88,30
REP020,2025-08-01,2025,8,3,62500.0,53504.49,85.61,30,7,4,2,26752.25,114021.61,1.82,0.123,89,31
REP020,2025-09-01,2025,9,3,62500.0,52245.9,83.59,17,3,2,2,26122.95,122150.2,1.95,0.178,70,32
REP020,2025-10-01,2025,10,4,62500.0,63696.51,101.91,18,2,1,0,63696.51,106130.97,1.7,0.107,83,33
REP020,2025-11-01,2025,11,4,62500.0,52430.15,83.89,27,7,1,2,26215.07,139014.53,2.22,0.169,82,34
REP020,2025-12-01,2025,12,4,62500.0,48912.26,78.26,16,4,2,1,48912.26,145634.44,2.33,0.195,74,35
REP021,2024-01-01,2024,1,1,50000.0,39098.86,78.2,22,11,4,2,19549.43,162337.8,3.25,0.278,66,12
REP021,2024-02-01,2024,2,1,50000.0,39458.13,78.92,36,8,5,0,39458.13,115312.87,2.31,0.206,84,13
REP021,2024-03-01,2024,3,1,50000.0,44109.19,88.22,40,12,3,1,44109.19,126089.1,2.52,0.232,56,14
REP021,2024-04-01,2024,4,2,50000.0,45742.36,91.48,18,14,4,1,45742.36,148139.81,2.96,0.287,68,15
REP021,2024-05-01,2024,5,2,50000.0,48554.89,97.11,37,13,6,1,48554.89,129819.6,2.6,0.291,53,16
REP021,2024-06-01,2024,6,2,50000.0,49342.69,98.69,23,15,4,2,24671.34,123564.75,2.47,0.283,42,17
REP021,2024-07-01,2024,7,3,50000.0,55162.42,110.32,37,8,3,1,55162.42,120556.86,2.41,0.265,56,18
REP021,2024-08-01,2024,8,3,50000.0,56110.92,112.22,26,13,4,2,28055.46,117264.73,2.35,0.266,51,19
REP021,2024-09-01,2024,9,3,50000.0,45083.58,90.17,30,12,2,3,15027.86,140354.12,2.81,0.264,52,20
REP021,2024-10-01,2024,10,4,50000.0,65777.62,131.56,27,16,7,1,65777.62,148268.26,2.97,0.25,58,21
REP021,2024-11-01,2024,11,4,50000.0,57444.34,114.89,30,10,4,2,28722.17,141180.03,2.82,0.225,51,22
REP021,2024-12-01,2024,12,4,50000.0,58064.25,116.13,18,11,6,3,19354.75,154573.18,3.09,0.26,52,23
REP021,2025-01-01,2025,1,1,50000.0,39183.21,78.37,30,14,4,3,13061.07,147611.77,2.95,0.225,47,24
REP021,2025-02-01,2025,2,1,50000.0,43035.77,86.07,27,11,4,2,21517.88,164845.46,3.3,0.218,44,25
REP021,2025-03-01,2025,3,1,50000.0,37467.86,74.94,43,12,4,2,18733.93,139135.67,2.78,0.278,63,26
REP021,2025-04-01,2025,4,2,50000.0,50910.59,101.82,29,17,6,3,16970.2,134894.21,2.7,0.281,48,27
REP021,2025-05-01,2025,5,2,50000.0,42808.55,85.62,32,14,2,2,21404.28,122534.37,2.45,0.285,63,28
REP021,2025-06-01,2025,6,2,50000.0,54893.17,109.79,37,14,5,2,27446.58,145724.29,2.91,0.258,68,29
REP021,2025-07-01,2025,7,3,50000.0,45696.88,91.39,23,11,5,2,22848.44,117123.5,2.34,0.268,49,30
REP021,2025-08-01,2025,8,3,50000.0,56473.01,112.95,31,11,4,3,18824.34,139948.56,2.8,0.232,62,31
REP021,2025-09-01,2025,9,3,50000.0,48408.3,96.82,36,13,4,1,48408.3,119604.94,2.39,0.282,61,32
REP021,2025-10-01,2025,10,4,50000.0,64416.07,128.83,40,12,6,1,64416.07,164441.78,3.29,0.223,55,33
REP021,2025-11-01,2025,11,4,50000.0,53070.23,106.14,10,11,5,2,26535.12,131001.37,2.62,0.248,69,34
REP021,2025-12-01,2025,12,4,50000.0,55774.56,111.55,39,11,6,3,18591.52,133233.53,2.66,0.274,52,35
REP022,2024-01-01,2024,1,1,62500.0,19374.61,31.0,22,9,2,1,19374.61,135856.36,2.17,0.177,83,5
REP022,2024-02-01,2024,2,1,62500.0,17160.01,27.46,31,6,2,0,17160.01,128190.68,2.05,0.152,75,6
REP022,2024-03-01,2024,3,1,62500.0,16529.21,26.45,11,9,4,0,16529.21,96755.77,1.55,0.13,84,7
REP022,2024-04-01,2024,4,2,62500.0,35813.61,57.3,5,7,4,0,35813.61,134559.35,2.15,0.115,85,8
REP022,2024-05-01,2024,5,2,62500.0,15892.21,25.43,23,10,3,1,15892.21,126857.12,2.03,0.173,83,9
REP022,2024-06-01,2024,6,2,62500.0,35602.69,56.96,25,7,1,2,17801.35,116876.53,1.87,0.155,78,10
REP022,2024-07-01,2024,7,3,62500.0,28342.94,45.35,28,10,2,0,28342.94,104128.28,1.67,0.106,84,11
REP022,2024-08-01,2024,8,3,62500.0,26231.7,41.97,22,6,2,3,8743.9,118559.25,1.9,0.146,100,12
REP022,2024-09-01,2024,9,3,62500.0,16678.08,26.68,15,5,2,1,16678.08,100700.55,1.61,0.187,67,13
REP022,2024-10-01,2024,10,4,62500.0,23920.85,38.27,23,4,3,1,23920.85,137387.4,2.2,0.121,83,14
REP022,2024-11-01,2024,11,4,62500.0,17957.83,28.73,16,6,2,1,17957.83,136149.49,2.18,0.159,66,15
REP022,2024-12-01,2024,12,4,62500.0,19450.81,31.12,28,7,4,0,19450.81,126478.96,2.02,0.132,87,16
REP022,2025-01-01,2025,1,1,62500.0,14891.38,23.83,0,10,2,1,14891.38,112935.77,1.81,0.12,91,17
REP022,2025-02-01,2025,2,1,62500.0,25042.94,40.07,12,2,4,1,25042.94,123094.92,1.97,0.142,90,18
REP022,2025-03-01,2025,3,1,62500.0,17889.25,28.62,30,8,1,2,8944.63,95256.89,1.52,0.112,68,19
REP022,2025-04-01,2025,4,2,62500.0,15677.41,25.08,18,2,3,1,15677.41,145960.78,2.34,0.12,71,20
REP022,2025-05-01,2025,5,2,62500.0,19111.8,30.58,17,4,3,0,19111.8,94660.45,1.51,0.125,69,21
REP022,2025-06-01,2025,6,2,62500.0,34157.31,54.65,17,3,2,1,34157.31,95063.82,1.52,0.182,89,22
REP022,2025-07-01,2025,7,3,62500.0,20563.31,32.9,24,7,4,2,10281.65,94521.32,1.51,0.114,70,23
REP022,2025-08-01,2025,8,3,62500.0,32610.21,52.18,24,2,4,1,32610.21,153275.96,2.45,0.188,76,24
REP022,2025-09-01,2025,9,3,62500.0,25578.92,40.93,15,10,5,0,25578.92,151096.44,2.42,0.178,81,25
REP022,2025-10-01,2025,10,4,62500.0,39670.17,63.47,20,9,1,0,39670.17,130575.91,2.09,0.145,92,26
REP022,2025-11-01,2025,11,4,62500.0,44520.95,71.23,19,8,3,0,44520.95,97444.11,1.56,0.169,89,27
REP022,2025-12-01,2025,12,4,62500.0,36863.59,58.98,17,5,2,2,18431.79,97213.49,1.56,0.133,80,28
REP023,2024-10-01,2024,10,4,75000.0,27357.57,36.48,41,10,5,2,13678.78,244736.93,3.26,0.211,64,0
REP023,2024-11-01,2024,11,4,75000.0,35889.02,47.85,19,13,4,2,17944.51,197398.99,2.63,0.278,80,1
REP023,2024-12-01,2024,12,4,75000.0,47355.26,63.14,22,10,5,2,23677.63,227268.25,3.03,0.249,60,2
REP023,2025-01-01,2025,1,1,75000.0,40470.92,53.96,35,16,4,3,13490.31,227367.16,3.03,0.237,52,3
REP023,2025-02-01,2025,2,1,75000.0,42236.08,56.31,30,10,7,3,14078.69,215141.42,2.87,0.206,75,4
REP023,2025-03-01,2025,3,1,75000.0,54631.87,72.84,16,17,4,1,54631.87,199078.29,2.65,0.23,69,5
REP023,2025-04-01,2025,4,2,75000.0,74794.13,99.73,38,11,5,3,24931.38,187411.05,2.5,0.232,47,6
REP023,2025-05-01,2025,5,2,75000.0,67961.3,90.62,28,6,5,2,33980.65,197292.08,2.63,0.274,47,7
REP023,2025-06-01,2025,6,2,75000.0,73372.03,97.83,27,11,3,3,24457.34,177069.65,2.36,0.269,57,8
REP023,2025-07-01,2025,7,3,75000.0,70535.41,94.05,23,6,4,2,35267.71,179348.16,2.39,0.232,53,9
REP023,2025-08-01,2025,8,3,75000.0,67546.45,90.06,30,9,6,2,33773.23,220656.49,2.94,0.228,54,10
REP023,2025-09-01,2025,9,3,75000.0,76673.38,102.23,31,9,6,1,76673.38,233129.62,3.11,0.261,49,11
REP023,2025-10-01,2025,10,4,75000.0,83866.97,111.82,23,10,4,1,83866.97,205199.64,2.74,0.259,72,12
REP023,2025-11-01,2025,11,4,75000.0,89767.2,119.69,34,9,5,3,29922.4,215923.32,2.88,0.201,72,13
REP023,2025-12-01,2025,12,4,75000.0,85217.65,113.62,16,10,5,1,85217.65,197458.57,2.63,0.256,50,14
REP024,2024-01-01,2024,1,1,75000.0,65455.56,87.27,38,13,5,2,32727.78,173920.91,2.32,0.274,56,10
REP024,2024-02-01,2024,2,1,75000.0,64363.42,85.82,27,10,4,2,32181.71,199242.85,2.66,0.291,46,11
REP024,2024-03-01,2024,3,1,75000.0,54829.61,73.11,46,12,5,3,18276.54,232781.64,3.1,0.208,44,12
REP024,2024-04-01,2024,4,2,75000.0,80367.9,107.16,18,11,4,2,40183.95,186184.35,2.48,0.297,58,13
REP024,2024-05-01,2024,5,2,75000.0,71778.45,95.7,41,14,4,2,35889.22,187993.58,2.51,0.231,47,14
REP024,2024-06-01,2024,6,2,75000.0,63877.78,85.17,43,14,5,2,31938.89,232129.35,3.1,0.232,64,15
REP024,2024-07-01,2024,7,3,75000.0,82002.25,109.34,33,9,4,2,41001.13,231597.76,3.09,0.29,68,16
REP024,2024-08-01,2024,8,3,75000.0,68559.87,91.41,25,10,7,3,22853.29,237848.64,3.17,0.279,60,17
REP024,2024-09-01,2024,9,3,75000.0,72325.94,96.43,26,14,5,2,36162.97,189845.99,2.53,0.224,56,18
REP024,2024-10-01,2024,10,4,75000.0,80485.36,107.31,28,11,4,2,40242.68,190171.71,2.54,0.294,54,19
REP024,2024-11-01,2024,11,4,75000.0,96103.16,128.14,37,9,4,2,48051.58,221012.79,2.95,0.262,45,20
REP024,2024-12-01,2024,12,4,75000.0,95842.79,127.79,38,13,5,1,95842.79,215837.1,2.88,0.231,76,21
REP024,2025-01-01,2025,1,1,75000.0,61792.88,82.39,23,4,5,2,30896.44,183149.57,2.44,0.23,63,22
REP024,2025-02-01,2025,2,1,75000.0,59069.17,78.76,21,10,4,3,19689.72,189980.46,2.53,0.27,56,23
REP024,2025-03-01,2025,3,1,75000.0,64222.2,85.63,30,13,5,0,64222.2,185369.73,2.47,0.217,54,24
REP024,2025-04-01,2025,4,2,75000.0,66035.4,88.05,29,9,4,1,66035.4,206345.0,2.75,0.287,35,25
REP024,2025-05-01,2025,5,2,75000.0,73688.67,98.25,10,9,5,3,24562.89,182802.13,2.44,0.228,72,26
REP024,2025-06-01,2025,6,2,75000.0,69591.97,92.79,36,10,5,1,69591.97,237155.71,3.16,0.211,86,27
REP024,2025-07-01,2025,7,3,75000.0,77840.9,103.79,15,12,5,3,25946.97,227464.44,3.03,0.288,50,28
REP024,2025-08-01,2025,8,3,75000.0,80828.27,107.77,36,8,4,2,40414.13,225825.07,3.01,0.223,57,29
REP024,2025-09-01,2025,9,3,75000.0,81690.9,108.92,36,9,5,1,81690.9,178587.32,2.38,0.245,68,30
REP024,2025-10-01,2025,10,4,75000.0,94839.12,126.45,38,12,5,2,47419.56,212622.5,2.83,0.204,60,31
REP024,2025-11-01,2025,11,4,75000.0,94681.53,126.24,35,6,5,1,94681.53,238987.69,3.19,0.24,55,32
REP024,2025-12-01,2025,12,4,75000.0,88529.87,118.04,35,10,5,1,88529.87,204611.64,2.73,0.206,61,33
REP025,2024-01-01,2024,1,1,50000.0,49129.2,98.26,37,13,8,5,9825.84,191999.89,3.84,0.334,56,12
REP025,2024-02-01,2024,2,1,50000.0,55720.85,111.44,35,20,8,3,18573.62,151037.9,3.02,0.376,33,13
REP025,2024-03-01,2024,3,1,50000.0,47204.11,94.41,44,16,7,4,11801.03,172003.55,3.44,0.348,41,14
REP025,2024-04-01,2024,4,2,50000.0,65455.26,130.91,43,18,8,4,16363.82,193920.79,3.88,0.395,69,15
REP025,2024-05-01,2024,5,2,50000.0,64431.71,128.86,62,16,7,4,16107.93,172360.05,3.45,0.383,34,16
REP025,2024-06-01,2024,6,2,50000.0,63292.03,126.58,59,19,7,3,21097.34,159298.08,3.19,0.395,51,17
REP025,2024-07-01,2024,7,3,50000.0,60504.91,121.01,52,23,8,5,12100.98,191457.53,3.83,0.351,40,18
REP025,2024-08-01,2024,8,3,50000.0,64025.84,128.05,63,21,9,3,21341.95,176555.47,3.53,0.375,66,19
REP025,2024-09-01,2024,9,3,50000.0,68590.47,137.18,48,20,8,5,13718.09,183570.3,3.67,0.393,56,20
REP025,2024-10-01,2024,10,4,50000.0,76332.16,152.66,48,15,8,4,19083.04,182888.27,3.66,0.356,44,21
REP025,2024-11-01,2024,11,4,50000.0,79994.35,159.99,51,27,8,4,19998.59,159658.0,3.19,0.347,22,22
REP025,2024-12-01,2024,12,4,50000.0,73759.4,147.52,40,16,7,3,24586.47,178789.29,3.58,0.385,43,23
REP025,2025-01-01,2025,1,1,50000.0,54456.18,108.91,39,19,8,2,27228.09,160352.85,3.21,0.354,50,24
REP025,2025-02-01,2025,2,1,50000.0,50971.01,101.94,41,22,7,3,16990.34,178520.47,3.57,0.358,41,25
REP025,2025-03-01,2025,3,1,50000.0,54343.64,108.69,42,15,7,3,18114.55,193830.69,3.88,0.373,53,26
REP025,2025-04-01,2025,4,2,50000.0,57515.8,115.03,32,20,7,5,11503.16,152725.6,3.05,0.331,62,27
REP025,2025-05-01,2025,5,2,50000.0,61239.99,122.48,48,19,7,3,20413.33,184570.8,3.69,0.326,56,28
REP025,2025-06-01,2025,6,2,50000.0,57379.21,114.76,48,20,8,3,19126.4,165609.59,3.31,0.373,27,29
REP025,2025-07-01,2025,7,3,50000.0,68201.45,136.4,48,23,8,1,68201.45,152053.41,3.04,0.374,41,30
REP025,2025-08-01,2025,8,3,50000.0,58570.4,117.14,44,24,6,6,9761.73,174014.71,3.48,0.366,38,31
REP025,2025-09-01,2025,9,3,50000.0,60626.03,121.25,46,17,7,3,20208.68,169024.09,3.38,0.311,21,32
REP025,2025-10-01,2025,10,4,50000.0,75197.28,150.39,50,18,8,4,18799.32,180914.54,3.62,0.368,50,33
REP025,2025-11-01,2025,11,4,50000.0,76000.97,152.0,22,21,6,2,38000.49,169384.76,3.39,0.314,51,34
REP025,2025-12-01,2025,12,4,50000.0,80080.72,160.16,48,25,7,3,26693.57,165470.64,3.31,0.394,55,35
REP026,2024-01-01,2024,1,1,62500.0,21322.08,34.12,19,11,3,3,7107.36,155733.51,2.49,0.256,46,1
REP026,2024-02-01,2024,2,1,62500.0,29361.27,46.98,33,11,4,1,29361.27,195479.7,3.13,0.274,69,2
REP026,2024-03-01,2024,3,1,62500.0,35050.34,56.08,31,6,5,3,11683.45,187770.96,3.0,0.293,51,3
REP026,2024-04-01,2024,4,2,62500.0,42377.5,67.8,38,9,5,2,21188.75,195102.6,3.12,0.21,51,4
REP026,2024-05-01,2024,5,2,62500.0,55673.56,89.08,29,16,6,3,18557.85,199897.2,3.2,0.258,51,5
REP026,2024-06-01,2024,6,2,62500.0,58256.02,93.21,34,10,4,1,58256.02,161227.27,2.58,0.214,45,6
REP026,2024-07-01,2024,7,3,62500.0,67725.2,108.36,25,14,4,3,22575.07,175417.86,2.81,0.286,67,7
REP026,2024-08-01,2024,8,3,62500.0,58026.37,92.84,34,7,4,3,19342.12,197655.6,3.16,0.232,65,8
REP026,2024-09-01,2024,9,3,62500.0,69762.86,111.62,25,12,6,1,69762.86,164829.18,2.64,0.218,56,9
REP026,2024-10-01,2024,10,4,62500.0,72663.48,116.26,15,14,5,3,24221.16,150889.82,2.41,0.226,58,10
REP026,2024-11-01,2024,11,4,62500.0,79274.56,126.84,31,11,6,2,39637.28,168894.19,2.7,0.242,74,11
REP026,2024-12-01,2024,12,4,62500.0,74015.96,118.43,23,11,4,3,24671.99,165387.31,2.65,0.265,63,12
REP026,2025-01-01,2025,1,1,62500.0,49807.33,79.69,37,12,4,1,49807.33,205829.07,3.29,0.287,67,13
REP026,2025-02-01,2025,2,1,62500.0,48936.1,78.3,51,15,5,1,48936.1,156341.5,2.5,0.227,70,14
REP026,2025-03-01,2025,3,1,62500.0,47410.86,75.86,28,9,3,2,23705.43,147742.49,2.36,0.232,60,15
REP026,2025-04-01,2025,4,2,62500.0,54724.49,87.56,17,13,5,2,27362.24,197541.74,3.16,0.269,76,16
REP026,2025-05-01,2025,5,2,62500.0,53289.86,85.26,38,11,4,2,26644.93,190386.23,3.05,0.28,61,17
REP026,2025-06-01,2025,6,2,62500.0,56124.3,89.8,20,9,5,3,18708.1,173520.15,2.78,0.267,55,18
REP026,2025-07-01,2025,7,3,62500.0,62382.68,99.81,37,7,4,1,62382.68,156814.81,2.51,0.27,43,19
REP026,2025-08-01,2025,8,3,62500.0,63046.42,100.87,27,10,5,2,31523.21,205362.73,3.29,0.284,63,20
REP026,2025-09-01,2025,9,3,62500.0,69046.86,110.47,17,9,5,1,69046.86,168939.46,2.7,0.263,50,21
REP026,2025-10-01,2025,10,4,62500.0,82068.1,131.31,32,11,3,3,27356.03,149951.85,2.4,0.243,59,22
REP026,2025-11-01,2025,11,4,62500.0,75534.42,120.86,34,8,4,0,75534.42,158891.07,2.54,0.22,58,23
REP026,2025-12-01,2025,12,4,62500.0,71346.54,114.15,27,13,3,3,23782.18,190054.33,3.04,0.254,63,24
REP027,2024-09-01,2024,9,3,75000.0,17626.05,23.5,25,2,1,1,17626.05,130690.82,1.74,0.129,76,0
REP027,2024-10-01,2024,10,4,75000.0,27642.63,36.86,8,7,4,2,13821.32,118311.22,1.58,0.128,78,1
REP027,2024-11-01,2024,11,4,75000.0,33957.57,45.28,20,6,3,1,33957.57,150596.15,2.01,0.175,86,2
REP027,2024-12-01,2024,12,4,75000.0,45759.77,61.01,4,0,2,3,15253.26,145767.25,1.94,0.194,87,3
REP027,2025-01-01,2025,1,1,75000.0,30120.47,40.16,32,6,3,1,30120.47,187260.69,2.5,0.143,91,4
REP027,2025-02-01,2025,2,1,75000.0,33391.08,44.52,23,5,3,1,33391.08,175458.99,2.34,0.165,59,5
REP027,2025-03-01,2025,3,1,75000.0,46825.61,62.43,20,3,2,0,46825.61,174040.85,2.32,0.101,65,6
REP027,2025-04-01,2025,4,2,75000.0,42430.84,56.57,15,2,2,2,21215.42,151616.32,2.02,0.112,75,7
REP027,2025-05-01,2025,5,2,75000.0,62881.83,83.84,30,8,3,1,62881.83,146779.47,1.96,0.129,75,8
REP027,2025-06-01,2025,6,2,75000.0,54963.88,73.29,21,11,3,2,27481.94,171389.24,2.29,0.149,85,9
REP027,2025-07-01,2025,7,3,75000.0,65646.91,87.53,20,5,2,2,32823.45,147918.64,1.97,0.132,91,10
REP027,2025-08-01,2025,8,3,75000.0,62698.98,83.6,33,3,0,0,62698.98,117292.57,1.56,0.107,98,11
REP027,2025-09-01,2025,9,3,75000.0,46037.95,61.38,19,10,2,3,15345.98,131903.32,1.76,0.135,90,12
REP027,2025-10-01,2025,10,4,75000.0,74816.27,99.76,29,9,4,2,37408.14,171615.07,2.29,0.102,86,13
REP027,2025-11-01,2025,11,4,75000.0,63921.77,85.23,28,9,3,1,63921.77,184188.24,2.46,0.124,84,14
REP027,2025-12-01,2025,12,4,75000.0,52301.42,69.74,18,5,2,0,52301.42,176388.44,2.35,0.182,88,15
REP028,2024-10-01,2024,10,4,62500.0,19201.85,30.72,31,5,4,3,6400.62,187843.13,3.01,0.219,51,0
REP028,2024-11-01,2024,11,4,62500.0,27241.0,43.59,36,10,4,3,9080.33,148725.32,2.38,0.271,60,1
REP028,2024-12-01,2024,12,4,62500.0,39529.88,63.25,27,13,5,2,19764.94,184999.59,2.96,0.239,56,2
REP028,2025-01-01,2025,1,1,62500.0,33311.58,53.3,25,10,5,3,11103.86,175872.22,2.81,0.269,81,3
REP028,2025-02-01,2025,2,1,62500.0,41646.18,66.63,35,11,4,2,20823.09,160423.25,2.57,0.212,56,4
REP028,2025-03-01,2025,3,1,62500.0,47659.63,76.26,28,13,4,2,23829.81,192460.32,3.08,0.252,75,5
REP028,2025-04-01,2025,4,2,62500.0,63141.01,101.03,26,16,4,0,63141.01,144235.42,2.31,0.249,76,6
REP028,2025-05-01,2025,5,2,62500.0,65856.15,105.37,22,6,4,2,32928.08,151188.83,2.42,0.207,64,7
REP028,2025-06-01,2025,6,2,62500.0,60680.47,97.09,24,9,4,3,20226.82,191270.51,3.06,0.272,60,8
REP028,2025-07-01,2025,7,3,62500.0,58066.96,92.91,28,7,2,3,19355.65,166166.34,2.66,0.227,50,9
REP028,2025-08-01,2025,8,3,62500.0,62872.54,100.6,31,10,4,1,62872.54,183477.0,2.94,0.299,53,10
REP028,2025-09-01,2025,9,3,62500.0,58669.16,93.87,35,11,6,3,19556.39,172372.7,2.76,0.24,84,11
REP028,2025-10-01,2025,10,4,62500.0,71835.2,114.94,31,6,4,3,23945.07,177930.07,2.85,0.271,55,12
REP028,2025-11-01,2025,11,4,62500.0,72173.78,115.48,29,13,4,2,36086.89,147044.99,2.35,0.245,51,13
REP028,2025-12-01,2025,12,4,62500.0,74137.12,118.62,26,6,4,1,74137.12,182569.15,2.92,0.23,62,14
REP029,2024-01-01,2024,1,1,50000.0,12235.69,24.47,36,11,4,1,12235.69,155338.68,3.11,0.225,68,0
REP029,2024-02-01,2024,2,1,50000.0,18399.7,36.8,14,11,4,0,18399.7,164952.47,3.3,0.222,61,1
REP029,2024-03-01,2024,3,1,50000.0,21484.2,42.97,22,18,5,2,10742.1,136783.6,2.74,0.213,57,2
REP029,2024-04-01,2024,4,2,50000.0,32620.6,65.24,18,15,3,3,10873.53,137241.97,2.74,0.29,56,3
REP029,2024-05-01,2024,5,2,50000.0,39045.57,78.09,22,11,5,5,7809.11,161617.41,3.23,0.286,62,4
REP029,2024-06-01,2024,6,2,50000.0,37937.64,75.88,19,4,5,3,12645.88,147711.02,2.95,0.3,42,5
REP029,2024-07-01,2024,7,3,50000.0,44909.1,89.82,21,12,4,2,22454.55,141959.55,2.84,0.226,70,6
REP029,2024-08-01,2024,8,3,50000.0,54703.38,109.41,34,16,4,2,27351.69,118211.93,2.36,0.259,62,7
REP029,2024-09-01,2024,9,3,50000.0,50710.04,101.42,31,9,3,2,25355.02,160693.81,3.21,0.298,65,8
REP029,2024-10-01,2024,10,4,50000.0,60927.16,121.85,34,14,3,3,20309.05,117854.72,2.36,0.234,52,9
REP029,2024-11-01,2024,11,4,50000.0,51178.77,102.36,32,13,4,3,17059.59,151841.32,3.04,0.25,59,10
REP029,2024-12-01,2024,12,4,50000.0,59591.41,119.18,24,5,3,3,19863.8,127712.96,2.55,0.263,84,11
REP029,2025-01-01,2025,1,1,50000.0,42838.73,85.68,32,19,5,3,14279.58,151372.62,3.03,0.287,68,12
REP029,2025-02-01,2025,2,1,50000.0,38137.84,76.28,34,11,4,2,19068.92,141272.26,2.83,0.211,42,13
REP029,2025-03-01,2025,3,1,50000.0,46694.48,93.39,32,11,5,3,15564.83,150781.04,3.02,0.269,54,14
REP029,2025-04-01,2025,4,2,50000.0,53663.92,107.33,21,14,3,3,17887.97,152961.95,3.06,0.262,60,15
REP029,2025-05-01,2025,5,2,50000.0,46791.26,93.58,23,14,3,3,15597.09,118539.57,2.37,0.266,53,16
REP029,2025-06-01,2025,6,2,50000.0,52614.94,105.23,29,18,4,2,26307.47,115958.39,2.32,0.243,66,17
REP029,2025-07-01,2025,7,3,50000.0,54791.26,109.58,24,13,3,2,27395.63,115732.36,2.31,0.292,53,18
REP029,2025-08-01,2025,8,3,50000.0,57436.13,114.87,24,10,4,3,19145.38,159753.83,3.2,0.257,70,19
REP029,2025-09-01,2025,9,3,50000.0,51100.96,102.2,26,7,4,2,25550.48,162365.0,3.25,0.221,62,20
REP029,2025-10-01,2025,10,4,50000.0,60205.25,120.41,31,7,4,3,20068.42,141044.29,2.82,0.247,68,21
REP029,2025-11-01,2025,11,4,50000.0,58721.76,117.44,15,9,5,1,58721.76,151682.14,3.03,0.284,37,22
REP029,2025-12-01,2025,12,4,50000.0,59174.73,118.35,28,11,3,1,59174.73,125915.16,2.52,0.205,57,23
REP030,2024-03-01,2024,3,1,100000.0,31304.57,31.3,35,19,6,2,15652.28,300684.07,3.01,0.347,39,0
REP030,2024-04-01,2024,4,2,100000.0,52127.93,52.13,41,18,7,4,13031.98,322361.26,3.22,0.386,42,1
REP030,2024-05-01,2024,5,2,100000.0,63560.11,63.56,55,17,8,4,15890.03,395283.44,3.95,0.324,44,2
REP030,2024-06-01,2024,6,2,100000.0,79129.79,79.13,53,19,7,2,39564.89,331572.11,3.32,0.379,33,3
REP030,2024-07-01,2024,7,3,100000.0,94361.67,94.36,53,19,8,4,23590.42,391260.5,3.91,0.318,39,4
REP030,2024-08-01,2024,8,3,100000.0,98332.15,98.33,58,17,7,3,32777.38,377002.12,3.77,0.363,45,5
REP030,2024-09-01,2024,9,3,100000.0,129195.5,129.2,43,21,7,3,43065.17,309252.86,3.09,0.34,36,6
REP030,2024-10-01,2024,10,4,100000.0,144567.88,144.57,59,20,8,3,48189.29,372747.71,3.73,0.379,36,7
REP030,2024-11-01,2024,11,4,100000.0,146494.04,146.49,36,20,7,4,36623.51,312781.18,3.13,0.358,61,8
REP030,2024-12-01,2024,12,4,100000.0,140996.23,141.0,45,18,7,4,35249.06,339029.55,3.39,0.389,50,9
REP030,2025-01-01,2025,1,1,100000.0,98786.94,98.79,51,19,8,2,49393.47,344967.7,3.45,0.335,53,10
REP030,2025-02-01,2025,2,1,100000.0,97171.08,97.17,52,20,8,5,19434.22,334337.78,3.34,0.302,48,11
REP030,2025-03-01,2025,3,1,100000.0,106932.55,106.93,46,23,5,4,26733.14,374641.98,3.75,0.315,37,12
REP030,2025-04-01,2025,4,2,100000.0,131949.46,131.95,35,18,7,2,65974.73,306930.78,3.07,0.358,60,13
REP030,2025-05-01,2025,5,2,100000.0,110729.25,110.73,49,18,8,3,36909.75,391172.78,3.91,0.37,46,14
REP030,2025-06-01,2025,6,2,100000.0,122684.74,122.68,36,19,8,3,40894.91,390445.28,3.9,0.3,60,15
REP030,2025-07-01,2025,7,3,100000.0,131742.11,131.74,50,22,7,2,65871.05,393489.3,3.93,0.364,14,16
REP030,2025-08-01,2025,8,3,100000.0,139090.03,139.09,35,19,7,4,34772.51,318163.14,3.18,0.33,44,17
REP030,2025-09-01,2025,9,3,100000.0,137894.61,137.89,39,19,7,5,27578.92,371489.84,3.71,0.343,30,18
REP030,2025-10-01,2025,10,4,100000.0,141193.27,141.19,43,14,7,3,47064.42,350915.8,3.51,0.302,31,19
REP030,2025-11-01,2025,11,4,100000.0,147999.25,148.0,41,21,9,3,49333.08,310363.67,3.1,0.37,51,20
REP030,2025-12-01,2025,12,4,100000.0,140983.73,140.98,42,23,8,3,46994.58,389902.4,3.9,0.362,44,21
REP031,2024-09-01,2024,9,3,100000.0,30871.83,30.87,30,15,6,1,30871.83,311371.03,3.11,0.222,53,0
REP031,2024-10-01,2024,10,4,100000.0,48486.93,48.49,14,15,5,2,24243.47,283647.04,2.84,0.25,68,1
REP031,2024-11-01,2024,11,4,100000.0,53264.22,53.26,21,12,4,2,26632.11,320319.07,3.2,0.271,58,2
REP031,2024-12-01,2024,12,4,100000.0,79722.95,79.72,23,13,4,3,26574.32,262344.29,2.62,0.282,71,3
REP031,2025-01-01,2025,1,1,100000.0,56814.98,56.81,30,9,5,3,18938.33,288493.09,2.88,0.227,66,4
REP031,2025-02-01,2025,2,1,100000.0,61978.63,61.98,32,9,5,2,30989.31,282088.22,2.82,0.267,54,5
REP031,2025-03-01,2025,3,1,100000.0,78559.03,78.56,36,12,5,2,39279.52,240189.18,2.4,0.202,51,6
REP031,2025-04-01,2025,4,2,100000.0,100404.57,100.4,25,12,4,1,100404.57,306315.01,3.06,0.28,46,7
REP031,2025-05-01,2025,5,2,100000.0,86112.73,86.11,15,10,3,2,43056.36,315317.58,3.15,0.258,49,8
REP031,2025-06-01,2025,6,2,100000.0,86973.25,86.97,29,7,3,1,86973.25,282926.74,2.83,0.258,54,9
REP031,2025-07-01,2025,7,3,100000.0,110393.49,110.39,38,10,4,4,27598.37,323454.02,3.23,0.273,73,10
REP031,2025-08-01,2025,8,3,100000.0,113341.53,113.34,31,14,7,3,37780.51,327833.08,3.28,0.277,62,11
REP031,2025-09-01,2025,9,3,100000.0,93726.62,93.73,27,7,4,3,31242.21,259036.19,2.59,0.208,63,12
REP031,2025-10-01,2025,10,4,100000.0,110954.79,110.95,20,15,4,1,110954.79,279751.64,2.8,0.228,56,13
REP031,2025-11-01,2025,11,4,100000.0,121920.99,121.92,31,11,3,3,40640.33,324530.7,3.25,0.292,50,14
REP031,2025-12-01,2025,12,4,100000.0,119502.79,119.5,40,11,4,3,39834.26,312091.92,3.12,0.243,53,15
REP032,2024-01-01,2024,1,1,62500.0,41402.94,66.24,23,7,5,4,10350.74,163845.81,2.62,0.203,65,5
REP032,2024-02-01,2024,2,1,62500.0,46845.96,74.95,29,14,4,2,23422.98,189289.81,3.03,0.253,57,6
REP032,2024-03-01,2024,3,1,62500.0,50248.12,80.4,28,12,5,4,12562.03,150947.24,2.42,0.259,66,7
REP032,2024-04-01,2024,4,2,62500.0,63546.34,101.67,32,11,4,1,63546.34,182534.8,2.92,0.264,53,8
REP032,2024-05-01,2024,5,2,62500.0,66397.88,106.24,32,5,7,2,33198.94,149703.06,2.4,0.203,55,9
REP032,2024-06-01,2024,6,2,62500.0,59431.65,95.09,22,13,5,4,14857.91,186248.23,2.98,0.22,59,10
REP032,2024-07-01,2024,7,3,62500.0,70927.07,113.48,46,7,4,4,17731.77,162663.95,2.6,0.246,68,11
REP032,2024-08-01,2024,8,3,62500.0,60364.16,96.58,21,10,5,3,20121.39,164478.62,2.63,0.272,55,12
REP032,2024-09-01,2024,9,3,62500.0,57588.27,92.14,62,7,4,2,28794.14,149532.29,2.39,0.21,56,13
REP032,2024-10-01,2024,10,4,62500.0,67481.46,107.97,22,13,5,2,33740.73,143829.25,2.3,0.289,42,14
REP032,2024-11-01,2024,11,4,62500.0,78136.48,125.02,31,11,5,3,26045.49,186361.59,2.98,0.289,53,15
REP032,2024-12-01,2024,12,4,62500.0,76734.64,122.78,27,10,7,3,25578.21,144706.91,2.32,0.278,48,16
REP032,2025-01-01,2025,1,1,62500.0,55905.69,89.45,16,10,4,2,27952.84,175198.7,2.8,0.249,54,17
REP032,2025-02-01,2025,2,1,62500.0,45208.84,72.33,10,12,3,0,45208.84,168168.35,2.69,0.267,53,18
REP032,2025-03-01,2025,3,1,62500.0,54841.08,87.75,24,4,5,2,27420.54,144409.48,2.31,0.209,55,19
REP032,2025-04-01,2025,4,2,62500.0,61825.6,98.92,27,13,4,2,30912.8,168039.43,2.69,0.204,62,20
REP032,2025-05-01,2025,5,2,62500.0,68605.45,109.77,34,11,6,1,68605.45,172627.46,2.76,0.29,60,21
REP032,2025-06-01,2025,6,2,62500.0,53919.58,86.27,26,14,6,3,17973.19,172047.15,2.75,0.284,73,22
REP032,2025-07-01,2025,7,3,62500.0,69717.87,111.55,42,16,5,1,69717.87,167746.69,2.68,0.244,60,23
REP032,2025-08-01,2025,8,3,62500.0,58104.66,92.97,30,9,4,1,58104.66,190287.31,3.04,0.296,49,24
REP032,2025-09-01,2025,9,3,62500.0,66807.11,106.89,38,9,6,2,33403.56,153976.03,2.46,0.257,58,25
REP032,2025-10-01,2025,10,4,62500.0,73198.37,117.12,38,12,4,3,24399.46,189276.41,3.03,0.232,49,26
REP032,2025-11-01,2025,11,4,62500.0,74286.53,118.86,25,10,4,3,24762.18,166249.53,2.66,0.208,70,27
REP032,2025-12-01,2025,12,4,62500.0,71743.08,114.79,45,10,6,1,71743.08,198218.03,3.17,0.224,59,28
REP033,2024-12-01,2024,12,4,50000.0,16502.66,33.01,31,9,4,2,8251.33,153122.23,3.06,0.29,49,0
REP033,2025-01-01,2025,1,1,50000.0,17707.36,35.41,32,9,6,3,5902.45,156262.43,3.13,0.287,76,1
REP033,2025-02-01,2025,2,1,50000.0,20267.08,40.53,24,11,6,3,6755.69,160981.75,3.22,0.231,59,2
REP033,2025-03-01,2025,3,1,50000.0,24158.13,48.32,47,14,5,1,24158.13,146606.12,2.93,0.25,47,3
REP033,2025-04-01,2025,4,2,50000.0,37059.07,74.12,33,12,7,3,12353.02,162388.48,3.25,0.205,76,4
REP033,2025-05-01,2025,5,2,50000.0,37253.86,74.51,34,9,5,2,18626.93,151643.87,3.03,0.251,57,5
REP033,2025-06-01,2025,6,2,50000.0,50609.19,101.22,39,14,6,2,25304.59,143071.92,2.86,0.285,48,6
REP033,2025-07-01,2025,7,3,50000.0,50447.85,100.9,29,14,6,2,25223.93,144153.38,2.88,0.296,62,7
REP033,2025-08-01,2025,8,3,50000.0,44934.64,89.87,46,6,4,1,44934.64,125261.0,2.51,0.219,66,8
REP033,2025-09-01,2025,9,3,50000.0,46273.7,92.55,35,10,5,3,15424.57,154866.84,3.1,0.227,69,9
REP033,2025-10-01,2025,10,4,50000.0,52543.58,105.09,15,9,6,2,26271.79,124043.73,2.48,0.273,75,10
REP033,2025-11-01,2025,11,4,50000.0,54782.16,109.56,23,11,6,3,18260.72,133933.71,2.68,0.295,63,11
REP033,2025-12-01,2025,12,4,50000.0,61704.78,123.41,35,14,3,2,30852.39,164973.39,3.3,0.262,56,12
REP034,2024-01-01,2024,1,1,62500.0,12463.6,19.94,26,2,2,0,12463.6,131287.91,2.1,0.106,75,3
REP034,2024-02-01,2024,2,1,62500.0,18637.29,29.82,26,12,2,1,18637.29,110087.33,1.76,0.195,94,4
REP034,2024-03-01,2024,3,1,62500.0,22150.11,35.44,17,2,3,2,11075.05,134372.01,2.15,0.175,92,5
REP034,2024-04-01,2024,4,2,62500.0,31240.36,49.98,37,9,4,0,31240.36,154402.41,2.47,0.111,67,6
REP034,2024-05-01,2024,5,2,62500.0,19212.62,30.74,30,6,2,0,19212.62,97862.39,1.57,0.171,79,7
REP034,2024-06-01,2024,6,2,62500.0,23592.54,37.75,8,6,3,1,23592.54,153934.87,2.46,0.161,73,8
REP034,2024-07-01,2024,7,3,62500.0,38938.91,62.3,9,9,1,1,38938.91,115554.4,1.85,0.192,88,9
REP034,2024-08-01,2024,8,3,62500.0,13924.52,22.28,17,11,3,1,13924.52,139826.2,2.24,0.163,70,10
REP034,2024-09-01,2024,9,3,62500.0,25507.09,40.81,20,7,3,1,25507.09,139716.47,2.24,0.108,94,11
REP034,2024-10-01,2024,10,4,62500.0,21978.12,35.16,17,5,2,1,21978.12,97583.99,1.56,0.171,96,12
REP034,2024-11-01,2024,11,4,62500.0,33702.35,53.92,20,8,3,0,33702.35,154953.96,2.48,0.17,73,13
REP034,2024-12-01,2024,12,4,62500.0,37308.08,59.69,26,4,4,0,37308.08,109919.07,1.76,0.103,83,14
REP034,2025-01-01,2025,1,1,62500.0,16685.75,26.7,25,5,4,2,8342.87,118960.27,1.9,0.168,89,15
REP034,2025-02-01,2025,2,1,62500.0,13104.64,20.97,16,3,4,1,13104.64,122022.06,1.95,0.117,101,16
REP034,2025-03-01,2025,3,1,62500.0,24157.46,38.65,18,5,3,2,12078.73,135131.99,2.16,0.191,85,17
REP034,2025-04-01,2025,4,2,62500.0,23441.16,37.51,28,10,2,0,23441.16,116015.62,1.86,0.118,76,18
REP034,2025-05-01,2025,5,2,62500.0,29878.0,47.8,17,14,3,1,29878.0,95570.24,1.53,0.177,83,19
REP034,2025-06-01,2025,6,2,62500.0,26267.26,42.03,27,0,5,2,13133.63,149975.04,2.4,0.178,79,20
REP034,2025-07-01,2025,7,3,62500.0,18253.17,29.21,21,4,3,1,18253.17,126901.51,2.03,0.166,69,21
REP034,2025-08-01,2025,8,3,62500.0,18398.03,29.44,34,7,1,2,9199.01,141698.17,2.27,0.197,91,22
REP034,2025-09-01,2025,9,3,62500.0,20628.34,33.01,18,5,2,3,6876.11,144861.78,2.32,0.155,84,23
REP034,2025-10-01,2025,10,4,62500.0,33290.67,53.27,13,5,1,0,33290.67,131373.83,2.1,0.17,92,24
REP034,2025-11-01,2025,11,4,62500.0,17714.89,28.34,6,6,2,2,8857.44,149514.87,2.39,0.143,82,25
REP034,2025-12-01,2025,12,4,62500.0,27262.31,43.62,9,12,1,0,27262.31,97848.69,1.57,0.173,85,26
REP035,2024-01-01,2024,1,1,75000.0,63108.0,84.14,39,10,6,2,31554.0,195431.71,2.61,0.207,58,8
REP035,2024-02-01,2024,2,1,75000.0,66821.04,89.09,35,14,3,2,33410.52,218060.38,2.91,0.252,72,9
REP035,2024-03-01,2024,3,1,75000.0,68124.45,90.83,32,13,5,2,34062.22,212217.95,2.83,0.24,70,10
REP035,2024-04-01,2024,4,2,75000.0,67646.07,90.19,20,13,5,0,67646.07,193790.86,2.58,0.248,53,11
REP035,2024-05-01,2024,5,2,75000.0,77242.11,102.99,39,7,3,1,77242.11,174364.46,2.32,0.2,55,12
REP035,2024-06-01,2024,6,2,75000.0,79711.15,106.28,18,10,5,1,79711.15,197942.8,2.64,0.25,52,13
REP035,2024-07-01,2024,7,3,75000.0,75573.77,100.77,26,11,3,3,25191.26,207645.14,2.77,0.259,73,14
REP035,2024-08-01,2024,8,3,75000.0,67277.86,89.7,32,15,5,2,33638.93,173326.0,2.31,0.242,59,15
REP035,2024-09-01,2024,9,3,75000.0,69989.23,93.32,39,14,3,2,34994.62,229818.87,3.06,0.279,69,16
REP035,2024-10-01,2024,10,4,75000.0,93090.89,124.12,33,11,5,1,93090.89,211373.9,2.82,0.259,63,17
REP035,2024-11-01,2024,11,4,75000.0,80419.74,107.23,24,11,6,4,20104.94,177337.56,2.36,0.297,82,18
REP035,2024-12-01,2024,12,4,75000.0,88202.6,117.6,43,7,5,2,44101.3,233001.44,3.11,0.205,41,19
REP035,2025-01-01,2025,1,1,75000.0,63804.25,85.07,26,13,3,2,31902.13,204459.18,2.73,0.255,44,20
REP035,2025-02-01,2025,2,1,75000.0,60562.97,80.75,35,12,6,0,60562.97,181871.74,2.42,0.211,50,21
REP035,2025-03-01,2025,3,1,75000.0,65158.2,86.88,22,9,6,3,21719.4,199892.09,2.67,0.254,65,22
REP035,2025-04-01,2025,4,2,75000.0,81710.85,108.95,34,12,6,2,40855.43,233065.22,3.11,0.251,55,23
REP035,2025-05-01,2025,5,2,75000.0,64775.89,86.37,35,12,6,2,32387.95,232511.45,3.1,0.293,67,24
REP035,2025-06-01,2025,6,2,75000.0,68139.42,90.85,36,12,4,3,22713.14,201571.85,2.69,0.232,55,25
REP035,2025-07-01,2025,7,3,75000.0,85348.43,113.8,19,7,5,1,85348.43,194162.96,2.59,0.259,75,26
REP035,2025-08-01,2025,8,3,75000.0,81609.44,108.81,35,5,5,2,40804.72,210563.18,2.81,0.24,68,27
REP035,2025-09-01,2025,9,3,75000.0,83771.86,111.7,14,8,5,4,20942.96,180543.51,2.41,0.251,45,28
REP035,2025-10-01,2025,10,4,75000.0,81588.41,108.78,41,12,5,1,81588.41,226135.26,3.02,0.231,53,29
REP035,2025-11-01,2025,11,4,75000.0,83393.97,111.19,26,9,6,1,83393.97,197723.11,2.64,0.233,58,30
REP035,2025-12-01,2025,12,4,75000.0,80564.33,107.42,15,17,4,2,40282.16,236584.13,3.15,0.2,52,31
REP036,2024-10-01,2024,10,4,62500.0,30018.72,48.03,61,19,4,5,6003.74,239681.21,3.83,0.376,34,0
REP036,2024-11-01,2024,11,4,62500.0,34712.16,55.54,44,20,9,6,5785.36,241177.6,3.86,0.363,42,1
REP036,2024-12-01,2024,12,4,62500.0,50337.77,80.54,39,23,8,3,16779.26,211073.67,3.38,0.39,47,2
REP036,2025-01-01,2025,1,1,62500.0,39991.8,63.99,49,22,9,3,13330.6,238261.22,3.81,0.387,45,3
REP036,2025-02-01,2025,2,1,62500.0,44935.85,71.9,61,21,6,3,14978.62,232623.95,3.72,0.386,46,4
REP036,2025-03-01,2025,3,1,62500.0,51465.99,82.35,62,19,7,4,12866.5,211420.57,3.38,0.376,38,5
REP036,2025-04-01,2025,4,2,62500.0,73525.76,117.64,52,27,8,3,24508.59,196688.43,3.15,0.371,48,6
REP036,2025-05-01,2025,5,2,62500.0,70204.8,112.33,43,22,7,2,35102.4,205800.8,3.29,0.338,62,7
REP036,2025-06-01,2025,6,2,62500.0,76702.22,122.72,58,17,7,3,25567.41,192226.9,3.08,0.358,54,8
REP036,2025-07-01,2025,7,3,62500.0,76986.57,123.18,48,18,6,3,25662.19,229517.67,3.67,0.351,41,9
REP036,2025-08-01,2025,8,3,62500.0,84018.42,134.43,34,16,9,3,28006.14,190017.58,3.04,0.38,54,10
REP036,2025-09-01,2025,9,3,62500.0,85348.64,136.56,42,23,6,2,42674.32,231609.94,3.71,0.382,22,11
REP036,2025-10-01,2025,10,4,62500.0,86931.43,139.09,36,24,9,3,28977.14,211698.95,3.39,0.335,33,12
REP036,2025-11-01,2025,11,4,62500.0,82790.59,132.46,51,21,6,4,20697.65,206858.33,3.31,0.386,36,13
REP036,2025-12-01,2025,12,4,62500.0,95633.53,153.01,39,19,8,5,19126.71,187681.98,3.0,0.301,38,14
REP037,2024-01-01,2024,1,1,62500.0,39357.13,62.97,26,10,2,2,19678.57,125360.8,2.01,0.102,69,8
REP037,2024-02-01,2024,2,1,62500.0,44084.79,70.54,21,5,3,2,22042.4,102218.41,1.64,0.145,79,9
REP037,2024-03-01,2024,3,1,62500.0,36673.49,58.68,27,6,1,1,36673.49,128494.5,2.06,0.14,94,10
REP037,2024-04-01,2024,4,2,62500.0,43002.2,68.8,35,4,1,0,43002.2,118006.17,1.89,0.124,85,11
REP037,2024-05-01,2024,5,2,62500.0,34626.43,55.4,26,8,2,1,34626.43,94312.42,1.51,0.126,95,12
REP037,2024-06-01,2024,6,2,62500.0,42002.92,67.2,5,5,3,1,42002.92,126509.67,2.02,0.128,101,13
REP037,2024-07-01,2024,7,3,62500.0,44998.68,72.0,19,6,2,2,22499.34,134639.37,2.15,0.128,80,14
REP037,2024-08-01,2024,8,3,62500.0,55146.13,88.23,18,1,3,3,18382.04,154340.09,2.47,0.172,82,15
REP037,2024-09-01,2024,9,3,62500.0,49646.65,79.43,18,8,2,0,49646.65,94424.9,1.51,0.17,72,16
REP037,2024-10-01,2024,10,4,62500.0,43798.57,70.08,19,11,3,2,21899.28,98902.08,1.58,0.177,84,17
REP037,2024-11-01,2024,11,4,62500.0,45127.86,72.2,13,7,3,2,22563.93,141497.7,2.26,0.101,110,18
REP037,2024-12-01,2024,12,4,62500.0,61899.57,99.04,26,9,2,3,20633.19,129476.73,2.07,0.105,99,19
REP037,2025-01-01,2025,1,1,62500.0,43422.26,69.48,31,4,3,2,21711.13,108703.68,1.74,0.128,71,20
REP037,2025-02-01,2025,2,1,62500.0,42294.97,67.67,22,14,4,0,42294.97,111732.4,1.79,0.174,56,21
REP037,2025-03-01,2025,3,1,62500.0,38956.94,62.33,19,4,3,0,38956.94,150310.12,2.4,0.182,94,22
REP037,2025-04-01,2025,4,2,62500.0,40867.49,65.39,15,10,2,3,13622.5,118610.83,1.9,0.132,83,23
REP037,2025-05-01,2025,5,2,62500.0,43337.49,69.34,4,3,2,1,43337.49,150907.88,2.41,0.111,78,24
REP037,2025-06-01,2025,6,2,62500.0,48576.72,77.72,25,8,2,2,24288.36,107784.97,1.72,0.147,94,25
REP037,2025-07-01,2025,7,3,62500.0,48613.81,77.78,12,6,3,0,48613.81,141269.48,2.26,0.142,80,26
REP037,2025-08-01,2025,8,3,62500.0,54669.95,87.47,17,7,3,1,54669.95,154587.14,2.47,0.144,89,27
REP037,2025-09-01,2025,9,3,62500.0,41117.65,65.79,20,7,4,0,41117.65,128849.02,2.06,0.107,93,28
REP037,2025-10-01,2025,10,4,62500.0,58454.48,93.53,24,5,2,1,58454.48,137242.6,2.2,0.116,101,29
REP037,2025-11-01,2025,11,4,62500.0,59822.81,95.72,26,6,2,0,59822.81,113903.11,1.82,0.144,86,30
REP037,2025-12-01,2025,12,4,62500.0,59997.22,96.0,21,8,1,0,59997.22,155133.45,2.48,0.198,94,31
REP038,2024-01-01,2024,1,1,75000.0,24888.08,33.18,25,15,4,0,24888.08,239673.31,3.2,0.213,40,1
REP038,2024-02-01,2024,2,1,75000.0,29199.22,38.93,31,10,6,2,14599.61,246944.83,3.29,0.266,60,2
REP038,2024-03-01,2024,3,1,75000.0,42420.01,56.56,38,12,5,2,21210.0,213555.48,2.85,0.206,59,3
REP038,2024-04-01,2024,4,2,75000.0,56093.52,74.79,37,12,3,3,18697.84,244966.93,3.27,0.28,45,4
REP038,2024-05-01,2024,5,2,75000.0,60140.8,80.19,37,10,5,3,20046.93,208501.39,2.78,0.24,50,5
REP038,2024-06-01,2024,6,2,75000.0,66589.83,88.79,42,11,4,2,33294.92,196554.98,2.62,0.287,65,6
REP038,2024-07-01,2024,7,3,75000.0,74865.09,99.82,18,13,4,3,24955.03,190225.24,2.54,0.21,72,7
REP038,2024-08-01,2024,8,3,75000.0,78280.64,104.37,19,12,6,2,39140.32,198735.25,2.65,0.242,75,8
REP038,2024-09-01,2024,9,3,75000.0,82241.23,109.65,38,18,5,1,82241.23,226253.89,3.02,0.271,65,9
REP038,2024-10-01,2024,10,4,75000.0,81769.48,109.03,36,8,3,2,40884.74,227375.97,3.03,0.215,60,10
REP038,2024-11-01,2024,11,4,75000.0,78878.26,105.17,39,12,6,1,78878.26,194875.33,2.6,0.226,42,11
REP038,2024-12-01,2024,12,4,75000.0,80181.19,106.91,19,9,6,3,26727.06,210138.02,2.8,0.278,62,12
REP038,2025-01-01,2025,1,1,75000.0,64051.78,85.4,39,13,4,2,32025.89,226635.03,3.02,0.208,59,13
REP038,2025-02-01,2025,2,1,75000.0,57106.76,76.14,41,18,5,3,19035.59,182143.47,2.43,0.202,48,14
REP038,2025-03-01,2025,3,1,75000.0,64164.12,85.55,38,11,3,5,12832.82,210987.75,2.81,0.25,61,15
REP038,2025-04-01,2025,4,2,75000.0,69988.77,93.32,14,9,3,2,34994.38,224093.26,2.99,0.286,50,16
REP038,2025-05-01,2025,5,2,75000.0,65928.39,87.9,25,8,7,3,21976.13,183636.24,2.45,0.255,49,17
REP038,2025-06-01,2025,6,2,75000.0,73634.03,98.18,32,13,4,1,73634.03,204874.52,2.73,0.282,60,18
REP038,2025-07-01,2025,7,3,75000.0,83884.71,111.85,39,12,5,4,20971.18,244172.96,3.26,0.277,56,19
REP038,2025-08-01,2025,8,3,75000.0,83521.69,111.36,24,13,4,2,41760.84,239445.85,3.19,0.246,59,20
REP038,2025-09-01,2025,9,3,75000.0,68787.95,91.72,46,11,5,2,34393.97,240108.51,3.2,0.256,61,21
REP038,2025-10-01,2025,10,4,75000.0,96040.71,128.05,32,13,3,3,32013.57,197712.02,2.64,0.231,60,22
REP038,2025-11-01,2025,11,4,75000.0,92223.76,122.97,27,11,5,2,46111.88,226233.97,3.02,0.225,62,23
REP038,2025-12-01,2025,12,4,75000.0,96248.54,128.33,33,14,4,1,96248.54,188454.52,2.51,0.26,71,24
REP039,2024-02-01,2024,2,1,75000.0,20811.22,27.75,30,12,2,1,20811.22,223609.51,2.98,0.225,66,0
REP039,2024-03-01,2024,3,1,75000.0,27991.52,37.32,19,12,4,0,27991.52,244620.15,3.26,0.277,38,1
REP039,2024-04-01,2024,4,2,75000.0,38505.37,51.34,28,14,5,3,12835.12,221834.16,2.96,0.296,50,2
REP039,2024-05-01,2024,5,2,75000.0,51161.0,68.21,35,14,5,2,25580.5,204562.93,2.73,0.227,71,3
REP039,2024-06-01,2024,6,2,75000.0,49237.29,65.65,26,10,1,2,24618.64,194431.13,2.59,0.287,63,4
REP039,2024-07-01,2024,7,3,75000.0,69812.18,93.08,42,10,4,3,23270.73,190382.04,2.54,0.294,51,5
REP039,2024-08-01,2024,8,3,75000.0,78212.19,104.28,31,15,5,0,78212.19,223173.3,2.98,0.254,62,6
REP039,2024-09-01,2024,9,3,75000.0,71525.57,95.37,40,12,5,2,35762.78,198718.89,2.65,0.229,43,7
REP039,2024-10-01,2024,10,4,75000.0,95225.38,126.97,21,14,4,3,31741.79,194852.95,2.6,0.241,68,8
REP039,2024-11-01,2024,11,4,75000.0,81535.01,108.71,29,14,6,3,27178.34,200332.96,2.67,0.272,71,9
REP039,2024-12-01,2024,12,4,75000.0,87507.67,116.68,38,8,4,2,43753.84,205826.41,2.74,0.294,71,10
REP039,2025-01-01,2025,1,1,75000.0,54949.93,73.27,30,12,3,1,54949.93,227613.79,3.03,0.23,65,11
REP039,2025-02-01,2025,2,1,75000.0,59168.66,78.89,25,13,5,2,29584.33,217688.35,2.9,0.23,62,12
REP039,2025-03-01,2025,3,1,75000.0,68343.33,91.12,29,15,5,2,34171.67,176294.76,2.35,0.293,53,13
REP039,2025-04-01,2025,4,2,75000.0,77428.44,103.24,32,15,3,1,77428.44,202958.25,2.71,0.211,56,14
REP039,2025-05-01,2025,5,2,75000.0,74566.56,99.42,30,10,5,2,37283.28,245576.21,3.27,0.205,48,15
REP039,2025-06-01,2025,6,2,75000.0,77924.36,103.9,25,9,5,4,19481.09,230925.4,3.08,0.202,58,16
REP039,2025-07-01,2025,7,3,75000.0,84468.62,112.62,40,12,4,3,28156.21,180762.91,2.41,0.272,61,17
REP039,2025-08-01,2025,8,3,75000.0,81234.36,108.31,28,10,5,3,27078.12,174858.45,2.33,0.273,47,18
REP039,2025-09-01,2025,9,3,75000.0,83391.98,111.19,41,10,4,1,83391.98,245572.87,3.27,0.299,67,19
REP039,2025-10-01,2025,10,4,75000.0,88261.44,117.68,30,8,4,3,29420.48,227971.63,3.04,0.25,81,20
REP039,2025-11-01,2025,11,4,75000.0,82626.43,110.17,33,8,5,4,20656.61,227876.35,3.04,0.214,62,21
REP039,2025-12-01,2025,12,4,75000.0,79353.99,105.81,37,15,4,2,39676.99,225844.94,3.01,0.21,64,22
REP040,2024-07-01,2024,7,3,50000.0,8821.0,17.64,34,8,2,2,4410.5,75326.27,1.51,0.148,78,0
REP040,2024-08-01,2024,8,3,50000.0,13643.42,27.29,4,5,3,1,13643.42,82107.04,1.64,0.164,76,1
REP040,2024-09-01,2024,9,3,50000.0,15462.87,30.93,10,5,3,0,15462.87,121416.79,2.43,0.105,101,2
REP040,2024-10-01,2024,10,4,50000.0,26036.88,52.07,14,5,3,1,26036.88,92078.48,1.84,0.187,89,3
REP040,2024-11-01,2024,11,4,50000.0,31930.71,63.86,34,7,1,1,31930.71,108709.88,2.17,0.113,75,4
REP040,2024-12-01,2024,12,4,50000.0,28760.43,57.52,3,6,1,4,7190.11,108484.2,2.17,0.196,93,5
REP040,2025-01-01,2025,1,1,50000.0,31059.04,62.12,17,7,3,0,31059.04,121812.02,2.44,0.187,85,6
REP040,2025-02-01,2025,2,1,50000.0,33421.12,66.84,22,8,4,1,33421.12,117895.85,2.36,0.13,64,7
REP040,2025-03-01,2025,3,1,50000.0,35152.72,70.31,26,4,4,2,17576.36,96867.38,1.94,0.193,70,8
REP040,2025-04-01,2025,4,2,50000.0,37076.83,74.15,27,3,1,2,18538.41,100014.89,2.0,0.168,81,9
REP040,2025-05-01,2025,5,2,50000.0,33379.52,66.76,25,7,2,1,33379.52,117791.15,2.36,0.168,79,10
REP040,2025-06-01,2025,6,2,50000.0,39509.96,79.02,13,12,2,0,39509.96,124535.63,2.49,0.125,69,11
REP040,2025-07-01,2025,7,3,50000.0,36851.69,73.7,16,8,4,0,36851.69,99059.41,1.98,0.146,96,12
REP040,2025-08-01,2025,8,3,50000.0,38708.87,77.42,5,5,3,1,38708.87,102049.31,2.04,0.172,86,13
REP040,2025-09-01,2025,9,3,50000.0,37643.53,75.29,17,3,1,0,37643.53,81276.21,1.63,0.181,85,14
REP040,2025-10-01,2025,10,4,50000.0,44913.81,89.83,15,6,4,0,44913.81,111499.66,2.23,0.113,80,15
REP040,2025-11-01,2025,11,4,50000.0,45244.28,90.49,16,8,1,2,22622.14,116827.62,2.34,0.151,87,16
REP040,2025-12-01,2025,12,4,50000.0,40341.89,80.68,11,9,3,0,40341.89,75725.75,1.51,0.157,77,17
